user_id,product_id,event,timestamp
U001,P03,purchase,2026-01-08T22:22:00+00:00
U001,P27,click,2026-01-09T10:34:00+00:00
U001,P04,click,2026-01-09T17:48:00+00:00
U001,P01,click,2026-01-10T16:45:00+00:00
U001,P25,purchase,2026-01-11T01:56:00+00:00
U001,P02,click,2026-01-12T01:20:00+00:00
U001,P26,purchase,2026-01-12T23:32:00+00:00
U001,P31,click,2026-01-13T02:03:00+00:00
U001,P06,click,2026-01-13T22:55:00+00:00
U002,P15,click,2026-01-26T04:44:00+00:00
U002,P11,click,2026-01-27T04:02:00+00:00
U002,P09,click,2026-01-27T08:01:00+00:00
U002,P30,click,2026-01-28T07:22:00+00:00
U002,P16,click,2026-01-29T01:46:00+00:00
U002,P10,click,2026-01-29T10:57:00+00:00
U002,P14,click,2026-01-30T08:54:00+00:00
U002,P36,click,2026-01-30T20:35:00+00:00
U002,P13,click,2026-01-31T00:28:00+00:00
U003,P06,click,2026-01-11T12:29:00+00:00
U003,P18,click,2026-01-11T17:04:00+00:00
U003,P17,purchase,2026-01-12T12:38:00+00:00
U003,P20,click,2026-01-13T08:23:00+00:00
U003,P28,click,2026-01-14T00:36:00+00:00
U003,P34,click,2026-01-14T08:58:00+00:00
U003,P11,click,2026-01-15T01:11:00+00:00
U003,P24,purchase,2026-01-15T15:09:00+00:00
U003,P22,click,2026-01-15T21:43:00+00:00
U003,P33,click,2026-01-16T01:01:00+00:00
U003,P19,click,2026-01-16T04:24:00+00:00
U003,P21,click,2026-01-17T02:58:00+00:00
U003,P13,click,2026-01-17T17:45:00+00:00
U004,P30,click,2026-01-02T01:53:00+00:00
U004,P04,click,2026-01-02T23:10:00+00:00
U004,P16,click,2026-01-03T18:28:00+00:00
U004,P24,purchase,2026-01-03T21:57:00+00:00
U004,P20,click,2026-01-04T00:32:00+00:00
U004,P23,click,2026-01-04T18:58:00+00:00
U004,P07,click,2026-01-05T02:19:00+00:00
U004,P17,click,2026-01-05T19:40:00+00:00
U004,P18,click,2026-01-06T04:48:00+00:00
U004,P22,click,2026-01-06T09:24:00+00:00
U004,P36,click,2026-01-06T21:23:00+00:00
U004,P05,click,2026-01-06T23:48:00+00:00
U004,P19,click,2026-01-07T08:13:00+00:00
U005,P22,purchase,2026-01-13T08:56:00+00:00
U005,P17,purchase,2026-01-13T12:42:00+00:00
U005,P10,click,2026-01-14T01:50:00+00:00
U005,P38,click,2026-01-14T03:14:00+00:00
U005,P24,click,2026-01-14T19:22:00+00:00
U005,P34,purchase,2026-01-15T03:02:00+00:00
U005,P20,click,2026-01-15T09:55:00+00:00
U005,P21,click,2026-01-16T01:42:00+00:00
U005,P19,click,2026-01-16T13:43:00+00:00
U005,P27,click,2026-01-17T00:13:00+00:00
U005,P18,click,2026-01-17T08:04:00+00:00
U005,P07,click,2026-01-17T15:45:00+00:00
U005,P14,click,2026-01-17T16:38:00+00:00
U006,P18,click,2026-01-26T09:58:00+00:00
U006,P40,click,2026-01-26T16:35:00+00:00
U006,P35,click,2026-01-27T07:01:00+00:00
U006,P15,purchase,2026-01-28T05:47:00+00:00
U006,P13,purchase,2026-01-28T18:48:00+00:00
U006,P17,purchase,2026-01-29T18:00:00+00:00
U006,P08,click,2026-01-30T00:01:00+00:00
U006,P10,click,2026-01-30T21:06:00+00:00
U006,P21,click,2026-01-31T16:36:00+00:00
U006,P14,click,2026-02-01T02:57:00+00:00
U007,P27,click,2026-01-11T05:06:00+00:00
U007,P32,click,2026-01-12T04:56:00+00:00
U007,P10,purchase,2026-01-12T22:41:00+00:00
U007,P28,click,2026-01-13T14:37:00+00:00
U007,P25,click,2026-01-13T16:24:00+00:00
U007,P30,click,2026-01-14T11:30:00+00:00
U008,P12,click,2026-01-16T07:43:00+00:00
U008,P31,click,2026-01-16T10:33:00+00:00
U008,P33,click,2026-01-16T15:21:00+00:00
U008,P39,click,2026-01-16T20:34:00+00:00
U008,P29,click,2026-01-17T04:32:00+00:00
U008,P18,click,2026-01-17T17:41:00+00:00
U008,P16,click,2026-01-18T17:27:00+00:00
U009,P20,click,2026-01-19T04:17:00+00:00
U009,P14,click,2026-01-20T03:11:00+00:00
U009,P27,click,2026-01-21T02:26:00+00:00
U009,P39,click,2026-01-21T16:19:00+00:00
U009,P09,click,2026-01-21T22:02:00+00:00
U009,P12,click,2026-01-22T14:04:00+00:00
U009,P25,click,2026-01-22T18:30:00+00:00
U010,P27,click,2026-01-30T13:59:00+00:00
U010,P38,purchase,2026-01-30T19:17:00+00:00
U010,P37,click,2026-01-31T10:13:00+00:00
U010,P34,click,2026-01-31T16:18:00+00:00
U010,P13,click,2026-02-01T10:11:00+00:00
U010,P39,click,2026-02-02T08:28:00+00:00
U010,P33,purchase,2026-02-02T17:46:00+00:00
U010,P23,click,2026-02-03T14:52:00+00:00
U010,P36,purchase,2026-02-04T09:19:00+00:00
U010,P40,purchase,2026-02-05T01:54:00+00:00
U010,P04,click,2026-02-05T17:51:00+00:00
U010,P11,click,2026-02-06T08:48:00+00:00
U011,P06,click,2026-01-21T03:37:00+00:00
U011,P33,purchase,2026-01-21T14:59:00+00:00
U011,P32,click,2026-01-22T03:04:00+00:00
U011,P37,click,2026-01-22T18:38:00+00:00
U011,P38,purchase,2026-01-23T03:57:00+00:00
U011,P40,click,2026-01-23T14:29:00+00:00
U011,P18,click,2026-01-23T23:08:00+00:00
U011,P36,purchase,2026-01-24T07:05:00+00:00
U011,P12,click,2026-01-24T11:17:00+00:00
U012,P16,purchase,2026-01-30T14:13:00+00:00
U012,P18,click,2026-01-30T17:24:00+00:00
U012,P39,click,2026-01-31T09:31:00+00:00
U012,P12,purchase,2026-01-31T21:28:00+00:00
U012,P10,click,2026-02-01T11:29:00+00:00
U012,P30,click,2026-02-01T22:56:00+00:00
U012,P37,click,2026-02-02T09:58:00+00:00
U012,P33,click,2026-02-03T08:55:00+00:00
U012,P28,click,2026-02-03T12:34:00+00:00
U012,P09,click,2026-02-03T18:08:00+00:00
U012,P21,click,2026-02-04T05:28:00+00:00
U012,P38,click,2026-02-04T19:36:00+00:00
U012,P15,click,2026-02-05T19:21:00+00:00
U012,P14,click,2026-02-06T12:20:00+00:00
U012,P13,click,2026-02-06T22:15:00+00:00
U012,P34,click,2026-02-07T20:56:00+00:00
U012,P11,purchase,2026-02-08T10:41:00+00:00
U013,P36,click,2026-01-26T04:52:00+00:00
U013,P33,click,2026-01-26T16:43:00+00:00
U013,P22,click,2026-01-27T04:08:00+00:00
U013,P40,click,2026-01-27T23:03:00+00:00
U013,P35,click,2026-01-28T17:40:00+00:00
U013,P39,purchase,2026-01-29T06:37:00+00:00
U013,P37,click,2026-01-29T22:14:00+00:00
U013,P18,click,2026-01-30T09:18:00+00:00
U013,P34,click,2026-01-30T15:49:00+00:00
U013,P04,click,2026-01-31T15:42:00+00:00
U013,P05,click,2026-01-31T23:56:00+00:00
U014,P40,click,2026-01-15T16:33:00+00:00
U014,P06,click,2026-01-15T17:46:00+00:00
U014,P35,click,2026-01-16T13:37:00+00:00
U014,P38,click,2026-01-17T02:09:00+00:00
U014,P26,click,2026-01-17T06:43:00+00:00
U014,P34,click,2026-01-17T09:52:00+00:00
U014,P39,click,2026-01-17T20:01:00+00:00
U014,P01,click,2026-01-18T07:15:00+00:00
U014,P11,click,2026-01-18T21:30:00+00:00
U014,P33,click,2026-01-19T03:34:00+00:00
U014,P37,click,2026-01-19T10:30:00+00:00
U014,P19,purchase,2026-01-19T15:05:00+00:00
U014,P29,click,2026-01-20T09:34:00+00:00
U014,P20,click,2026-01-20T22:08:00+00:00
U014,P36,click,2026-01-21T16:20:00+00:00
U014,P03,click,2026-01-22T09:32:00+00:00
U014,P07,click,2026-01-22T18:55:00+00:00
U014,P25,click,2026-01-23T00:36:00+00:00
U015,P40,click,2026-01-04T07:48:00+00:00
U015,P22,purchase,2026-01-04T17:18:00+00:00
U015,P09,click,2026-01-04T23:51:00+00:00
U015,P23,click,2026-01-05T04:06:00+00:00
U015,P27,click,2026-01-05T19:42:00+00:00
U015,P20,click,2026-01-05T22:54:00+00:00
U015,P18,click,2026-01-06T21:36:00+00:00
U015,P15,click,2026-01-07T04:55:00+00:00
U015,P17,click,2026-01-08T02:54:00+00:00
U015,P26,click,2026-01-09T00:48:00+00:00
U015,P21,click,2026-01-09T21:15:00+00:00
U015,P19,click,2026-01-09T22:03:00+00:00
U015,P24,purchase,2026-01-09T23:51:00+00:00
U016,P23,click,2026-01-21T07:55:00+00:00
U016,P14,click,2026-01-22T05:13:00+00:00
U016,P31,click,2026-01-23T02:14:00+00:00
U016,P18,click,2026-01-24T01:21:00+00:00
U016,P16,click,2026-01-24T23:22:00+00:00
U016,P17,purchase,2026-01-25T18:27:00+00:00
U016,P09,click,2026-01-25T19:25:00+00:00
U016,P20,click,2026-01-26T16:17:00+00:00
U016,P27,click,2026-01-27T14:49:00+00:00
U016,P03,click,2026-01-28T14:34:00+00:00
U016,P22,click,2026-01-28T23:46:00+00:00
U016,P19,click,2026-01-29T00:50:00+00:00
U016,P10,click,2026-01-29T07:04:00+00:00
U016,P34,click,2026-01-29T16:28:00+00:00
U016,P04,click,2026-01-30T03:05:00+00:00
U016,P21,click,2026-01-30T14:45:00+00:00
U016,P36,click,2026-01-31T02:48:00+00:00
U016,P24,click,2026-01-31T03:05:00+00:00
U017,P10,purchase,2026-01-29T23:57:00+00:00
U017,P22,click,2026-01-30T05:11:00+00:00
U017,P23,click,2026-01-30T20:16:00+00:00
U017,P14,click,2026-01-30T22:40:00+00:00
U017,P16,click,2026-01-31T14:45:00+00:00
U017,P13,click,2026-02-01T05:55:00+00:00
U017,P04,purchase,2026-02-02T03:33:00+00:00
U017,P19,click,2026-02-02T13:58:00+00:00
U017,P12,click,2026-02-02T23:25:00+00:00
U017,P05,click,2026-02-03T19:41:00+00:00
U017,P09,purchase,2026-02-03T21:41:00+00:00
U017,P24,click,2026-02-04T09:46:00+00:00
U017,P11,click,2026-02-05T03:10:00+00:00
U017,P21,click,2026-02-05T05:46:00+00:00
U017,P15,click,2026-02-05T16:26:00+00:00
U018,P06,click,2026-01-24T21:14:00+00:00
U018,P13,click,2026-01-25T03:12:00+00:00
U018,P27,click,2026-01-25T04:37:00+00:00
U018,P32,click,2026-01-25T13:09:00+00:00
U018,P29,purchase,2026-01-26T04:10:00+00:00
U018,P03,click,2026-01-26T19:14:00+00:00
U019,P38,purchase,2026-01-06T07:52:00+00:00
U019,P35,click,2026-01-07T02:22:00+00:00
U019,P37,click,2026-01-07T20:25:00+00:00
U019,P20,click,2026-01-07T21:47:00+00:00
U019,P34,click,2026-01-08T20:27:00+00:00
U019,P33,click,2026-01-09T08:01:00+00:00
U019,P39,purchase,2026-01-10T05:11:00+00:00
U019,P36,click,2026-01-10T09:44:00+00:00
U020,P29,click,2026-01-21T01:02:00+00:00
U020,P37,click,2026-01-21T08:41:00+00:00
U020,P13,click,2026-01-22T00:09:00+00:00
U020,P39,click,2026-01-22T12:09:00+00:00
U020,P36,click,2026-01-22T13:08:00+00:00
U020,P35,click,2026-01-23T03:22:00+00:00
U020,P40,click,2026-01-23T05:16:00+00:00
U020,P38,click,2026-01-23T18:52:00+00:00
U021,P17,click,2026-01-03T02:28:00+00:00
U021,P39,purchase,2026-01-03T09:25:00+00:00
U021,P24,click,2026-01-03T10:59:00+00:00
U021,P33,click,2026-01-03T17:52:00+00:00
U021,P34,click,2026-01-03T19:22:00+00:00
U021,P40,click,2026-01-04T06:13:00+00:00
U021,P38,purchase,2026-01-04T16:53:00+00:00
U021,P37,purchase,2026-01-05T10:33:00+00:00
U021,P35,purchase,2026-01-06T00:13:00+00:00
U021,P22,click,2026-01-06T18:50:00+00:00
U021,P19,click,2026-01-07T11:04:00+00:00
U021,P36,click,2026-01-07T19:47:00+00:00
U022,P08,click,2026-01-29T14:29:00+00:00
U022,P02,click,2026-01-29T23:56:00+00:00
U022,P01,click,2026-01-30T21:50:00+00:00
U022,P05,click,2026-01-30T23:52:00+00:00
U022,P12,click,2026-01-31T02:30:00+00:00
U022,P25,click,2026-02-01T01:29:00+00:00
U022,P18,click,2026-02-01T23:19:00+00:00
U022,P07,click,2026-02-02T13:15:00+00:00
U022,P06,click,2026-02-03T01:44:00+00:00
U023,P03,click,2026-01-07T11:47:00+00:00
U023,P33,purchase,2026-01-08T05:01:00+00:00
U023,P35,click,2026-01-08T06:59:00+00:00
U023,P09,click,2026-01-08T11:18:00+00:00
U023,P36,click,2026-01-09T05:04:00+00:00
U023,P34,click,2026-01-09T10:22:00+00:00
U023,P21,click,2026-01-09T20:49:00+00:00
U023,P29,click,2026-01-10T02:31:00+00:00
U023,P37,click,2026-01-10T08:07:00+00:00
U023,P11,click,2026-01-10T19:12:00+00:00
U023,P39,click,2026-01-11T02:58:00+00:00
U023,P38,click,2026-01-11T14:51:00+00:00
U023,P40,purchase,2026-01-12T08:38:00+00:00
U023,P06,click,2026-01-12T18:24:00+00:00
U023,P31,click,2026-01-12T21:10:00+00:00
U023,P12,click,2026-01-13T05:48:00+00:00
U024,P12,click,2026-01-04T21:34:00+00:00
U024,P14,click,2026-01-05T14:51:00+00:00
U024,P09,purchase,2026-01-06T06:18:00+00:00
U024,P11,click,2026-01-07T01:09:00+00:00
U024,P16,purchase,2026-01-07T10:46:00+00:00
U024,P28,click,2026-01-08T08:07:00+00:00
U024,P23,click,2026-01-09T07:25:00+00:00
U024,P40,click,2026-01-10T04:21:00+00:00
U024,P13,click,2026-01-10T08:29:00+00:00
U024,P33,click,2026-01-10T12:57:00+00:00
U024,P10,click,2026-01-10T16:20:00+00:00
U024,P15,click,2026-01-11T05:51:00+00:00
U024,P32,click,2026-01-11T18:40:00+00:00
U024,P37,click,2026-01-12T06:19:00+00:00
U025,P10,click,2026-01-02T17:18:00+00:00
U025,P20,click,2026-01-03T03:34:00+00:00
U025,P26,click,2026-01-03T23:02:00+00:00
U025,P19,click,2026-01-04T19:41:00+00:00
U025,P40,click,2026-01-04T23:25:00+00:00
U025,P38,purchase,2026-01-05T10:56:00+00:00
U025,P08,click,2026-01-05T20:43:00+00:00
U025,P18,click,2026-01-06T12:18:00+00:00
U025,P04,click,2026-01-07T10:16:00+00:00
U025,P33,click,2026-01-08T04:53:00+00:00
U025,P07,click,2026-01-08T22:51:00+00:00
U025,P39,click,2026-01-09T15:47:00+00:00
U025,P14,click,2026-01-09T20:26:00+00:00
U025,P31,click,2026-01-10T13:43:00+00:00
U025,P36,purchase,2026-01-11T05:46:00+00:00
U025,P37,click,2026-01-11T15:09:00+00:00
U025,P34,click,2026-01-11T21:48:00+00:00
U025,P35,click,2026-01-12T01:43:00+00:00
U026,P24,click,2026-01-19T22:25:00+00:00
U026,P20,purchase,2026-01-20T06:29:00+00:00
U026,P35,click,2026-01-21T00:59:00+00:00
U026,P38,click,2026-01-21T08:28:00+00:00
U026,P17,click,2026-01-21T10:28:00+00:00
U026,P18,click,2026-01-21T15:19:00+00:00
U026,P22,purchase,2026-01-22T08:35:00+00:00
U026,P08,purchase,2026-01-22T18:32:00+00:00
U026,P33,click,2026-01-23T02:36:00+00:00
U026,P21,click,2026-01-23T22:20:00+00:00
U026,P40,purchase,2026-01-24T09:18:00+00:00
U026,P23,click,2026-01-25T05:05:00+00:00
U026,P19,purchase,2026-01-26T01:34:00+00:00
U026,P39,click,2026-01-27T00:36:00+00:00
U026,P36,click,2026-01-27T11:37:00+00:00
U026,P05,click,2026-01-27T19:47:00+00:00
U027,P23,click,2026-01-22T05:09:00+00:00
U027,P04,click,2026-01-22T17:15:00+00:00
U027,P19,click,2026-01-22T23:06:00+00:00
U027,P17,click,2026-01-23T03:57:00+00:00
U027,P02,click,2026-01-23T22:41:00+00:00
U027,P14,click,2026-01-24T15:26:00+00:00
U027,P26,click,2026-01-24T21:47:00+00:00
U027,P06,click,2026-01-25T16:22:00+00:00
U027,P22,click,2026-01-26T14:21:00+00:00
U027,P18,click,2026-01-26T16:26:00+00:00
U027,P08,click,2026-01-27T10:24:00+00:00
U027,P30,click,2026-01-27T11:38:00+00:00
U027,P21,click,2026-01-27T14:15:00+00:00
U027,P24,purchase,2026-01-28T13:08:00+00:00
U027,P20,click,2026-01-28T14:52:00+00:00
U027,P16,click,2026-01-28T15:10:00+00:00
U028,P09,purchase,2026-01-05T03:07:00+00:00
U028,P31,purchase,2026-01-05T17:03:00+00:00
U028,P25,click,2026-01-06T08:48:00+00:00
U028,P11,purchase,2026-01-07T04:10:00+00:00
U028,P32,click,2026-01-07T12:33:00+00:00
U028,P27,click,2026-01-08T12:25:00+00:00
U028,P29,click,2026-01-08T20:12:00+00:00
U029,P07,click,2026-01-02T00:15:00+00:00
U029,P24,purchase,2026-01-02T20:22:00+00:00
U029,P22,click,2026-01-03T01:22:00+00:00
U029,P15,click,2026-01-03T15:02:00+00:00
U029,P19,purchase,2026-01-03T17:44:00+00:00
U029,P37,click,2026-01-04T04:01:00+00:00
U029,P17,purchase,2026-01-04T09:38:00+00:00
U030,P22,click,2026-01-09T15:41:00+00:00
U030,P32,click,2026-01-10T02:39:00+00:00
U030,P34,click,2026-01-10T12:40:00+00:00
U030,P26,click,2026-01-11T12:28:00+00:00
U030,P31,click,2026-01-12T10:09:00+00:00
U030,P39,purchase,2026-01-13T02:59:00+00:00
U030,P33,click,2026-01-13T22:43:00+00:00
U030,P04,click,2026-01-14T07:04:00+00:00
U030,P01,click,2026-01-14T18:16:00+00:00
U030,P38,click,2026-01-15T07:11:00+00:00
U030,P28,purchase,2026-01-15T16:50:00+00:00
U030,P37,click,2026-01-16T06:19:00+00:00
U030,P36,click,2026-01-16T18:51:00+00:00
U030,P27,click,2026-01-16T22:49:00+00:00
U030,P35,click,2026-01-17T18:08:00+00:00
U030,P40,click,2026-01-18T01:02:00+00:00
U031,P27,click,2026-01-27T13:17:00+00:00
U031,P40,click,2026-01-28T12:29:00+00:00
U031,P37,click,2026-01-29T10:38:00+00:00
U031,P39,click,2026-01-30T00:21:00+00:00
U031,P34,click,2026-01-30T11:45:00+00:00
U031,P38,click,2026-01-31T02:31:00+00:00
U031,P33,click,2026-01-31T06:12:00+00:00
U031,P36,click,2026-01-31T06:38:00+00:00
U032,P07,click,2026-01-12T02:02:00+00:00
U032,P29,click,2026-01-12T22:11:00+00:00
U032,P24,click,2026-01-13T21:47:00+00:00
U032,P05,purchase,2026-01-14T09:50:00+00:00
U032,P10,click,2026-01-15T06:44:00+00:00
U032,P03,click,2026-01-16T04:24:00+00:00
U032,P15,click,2026-01-16T19:05:00+00:00
U032,P36,click,2026-01-17T00:49:00+00:00
U032,P06,purchase,2026-01-17T21:55:00+00:00
U032,P02,click,2026-01-18T02:45:00+00:00
U032,P38,click,2026-01-18T09:53:00+00:00
U032,P32,click,2026-01-18T17:01:00+00:00
U032,P08,click,2026-01-18T19:07:00+00:00
U032,P04,click,2026-01-19T14:39:00+00:00
U033,P19,click,2026-01-16T19:27:00+00:00
U033,P30,click,2026-01-17T09:56:00+00:00
U033,P20,purchase,2026-01-18T09:42:00+00:00
U033,P32,click,2026-01-18T14:17:00+00:00
U033,P26,click,2026-01-19T06:40:00+00:00
U033,P24,click,2026-01-19T09:10:00+00:00
U033,P09,click,2026-01-19T17:03:00+00:00
U033,P18,purchase,2026-01-20T06:12:00+00:00
U033,P17,click,2026-01-20T09:19:00+00:00
U033,P23,click,2026-01-20T12:53:00+00:00
U033,P27,click,2026-01-20T16:29:00+00:00
U033,P22,click,2026-01-21T03:15:00+00:00
U033,P15,click,2026-01-21T15:52:00+00:00
U033,P04,click,2026-01-22T02:09:00+00:00
U033,P21,click,2026-01-22T06:54:00+00:00
U034,P31,click,2026-01-17T23:03:00+00:00
U034,P37,click,2026-01-18T07:50:00+00:00
U034,P32,click,2026-01-18T11:25:00+00:00
U034,P11,click,2026-01-19T07:05:00+00:00
U034,P40,click,2026-01-20T06:10:00+00:00
U034,P25,click,2026-01-20T10:11:00+00:00
U034,P18,click,2026-01-20T18:03:00+00:00
U034,P02,click,2026-01-21T11:30:00+00:00
U034,P08,click,2026-01-21T11:40:00+00:00
U034,P05,purchase,2026-01-21T13:15:00+00:00
U034,P27,click,2026-01-21T13:45:00+00:00
U034,P28,click,2026-01-21T22:10:00+00:00
U034,P26,click,2026-01-21T23:49:00+00:00
U034,P29,click,2026-01-22T16:00:00+00:00
U034,P21,click,2026-01-23T04:30:00+00:00
U034,P16,click,2026-01-23T17:39:00+00:00
U034,P10,click,2026-01-23T22:51:00+00:00
U034,P06,click,2026-01-24T05:02:00+00:00
U035,P08,click,2026-01-11T02:17:00+00:00
U035,P13,click,2026-01-11T12:53:00+00:00
U035,P27,click,2026-01-12T04:46:00+00:00
U035,P20,click,2026-01-12T13:53:00+00:00
U035,P21,click,2026-01-12T18:03:00+00:00
U035,P05,click,2026-01-12T21:13:00+00:00
U035,P02,click,2026-01-13T02:40:00+00:00
U035,P10,click,2026-01-14T02:10:00+00:00
U035,P25,click,2026-01-14T12:38:00+00:00
U035,P30,click,2026-01-15T12:30:00+00:00
U035,P06,click,2026-01-16T09:10:00+00:00
U035,P07,purchase,2026-01-16T10:37:00+00:00
U035,P34,click,2026-01-16T18:02:00+00:00
U035,P26,click,2026-01-17T05:18:00+00:00
U035,P03,click,2026-01-17T10:26:00+00:00
U035,P01,purchase,2026-01-17T13:37:00+00:00
U035,P04,click,2026-01-17T22:10:00+00:00
U036,P18,click,2026-01-03T13:07:00+00:00
U036,P23,click,2026-01-04T08:47:00+00:00
U036,P19,purchase,2026-01-04T23:39:00+00:00
U036,P24,click,2026-01-05T13:12:00+00:00
U036,P20,purchase,2026-01-06T06:13:00+00:00
U036,P21,click,2026-01-06T07:18:00+00:00
U037,P32,purchase,2026-01-11T19:23:00+00:00
U037,P33,click,2026-01-12T08:43:00+00:00
U037,P34,click,2026-01-12T20:54:00+00:00
U037,P23,click,2026-01-13T02:54:00+00:00
U037,P29,purchase,2026-01-13T08:59:00+00:00
U037,P27,click,2026-01-13T17:08:00+00:00
U037,P28,click,2026-01-14T13:26:00+00:00
U037,P25,click,2026-01-15T00:22:00+00:00
U038,P24,purchase,2026-01-08T13:26:00+00:00
U038,P17,purchase,2026-01-08T18:21:00+00:00
U038,P23,click,2026-01-08T22:13:00+00:00
U038,P13,click,2026-01-09T16:15:00+00:00
U038,P20,click,2026-01-10T04:47:00+00:00
U038,P32,click,2026-01-10T07:20:00+00:00
U039,P19,click,2026-01-24T15:59:00+00:00
U039,P21,purchase,2026-01-25T09:42:00+00:00
U039,P37,click,2026-01-26T05:17:00+00:00
U039,P20,purchase,2026-01-27T04:29:00+00:00
U039,P28,click,2026-01-28T01:44:00+00:00
U039,P24,click,2026-01-28T06:50:00+00:00
U039,P23,click,2026-01-28T11:01:00+00:00
U039,P22,click,2026-01-29T02:25:00+00:00
U039,P27,click,2026-01-29T08:24:00+00:00
U039,P17,click,2026-01-29T14:11:00+00:00
U039,P36,click,2026-01-29T21:29:00+00:00
U039,P31,click,2026-01-30T04:08:00+00:00
U039,P40,click,2026-01-30T08:31:00+00:00
U039,P18,click,2026-01-30T10:03:00+00:00
U039,P11,click,2026-01-31T00:35:00+00:00
U039,P04,click,2026-01-31T03:20:00+00:00
U040,P10,click,2026-01-28T16:09:00+00:00
U040,P25,click,2026-01-28T22:17:00+00:00
U040,P11,purchase,2026-01-29T14:33:00+00:00
U040,P30,click,2026-01-30T10:39:00+00:00
U040,P13,click,2026-01-31T05:33:00+00:00
U040,P12,purchase,2026-01-31T17:34:00+00:00
U040,P29,click,2026-02-01T05:24:00+00:00
U040,P32,click,2026-02-01T11:03:00+00:00
U040,P27,click,2026-02-01T19:57:00+00:00
U040,P15,purchase,2026-02-02T19:32:00+00:00
U040,P37,click,2026-02-02T22:42:00+00:00
U040,P31,purchase,2026-02-03T08:30:00+00:00
U040,P28,click,2026-02-03T09:31:00+00:00
U040,P14,click,2026-02-03T22:47:00+00:00
U040,P26,purchase,2026-02-04T00:33:00+00:00
U041,P21,click,2026-01-25T01:35:00+00:00
U041,P32,click,2026-01-25T22:55:00+00:00
U041,P22,click,2026-01-26T19:40:00+00:00
U041,P16,click,2026-01-27T19:40:00+00:00
U041,P07,click,2026-01-28T00:25:00+00:00
U041,P14,click,2026-01-28T14:47:00+00:00
U041,P36,click,2026-01-28T18:26:00+00:00
U041,P09,click,2026-01-29T11:58:00+00:00
U041,P20,click,2026-01-30T09:08:00+00:00
U041,P18,click,2026-01-30T13:14:00+00:00
U041,P39,click,2026-01-30T22:57:00+00:00
U041,P40,click,2026-01-31T02:55:00+00:00
U041,P24,click,2026-01-31T06:37:00+00:00
U041,P12,click,2026-01-31T23:41:00+00:00
U041,P10,click,2026-02-01T06:32:00+00:00
U041,P11,click,2026-02-02T03:24:00+00:00
U041,P13,click,2026-02-02T10:18:00+00:00
U041,P15,click,2026-02-02T19:21:00+00:00
U042,P36,click,2026-01-06T08:05:00+00:00
U042,P19,click,2026-01-07T07:55:00+00:00
U042,P34,click,2026-01-07T10:00:00+00:00
U042,P33,purchase,2026-01-07T15:31:00+00:00
U042,P40,click,2026-01-07T19:08:00+00:00
U042,P32,click,2026-01-08T09:25:00+00:00
U042,P18,click,2026-01-09T05:39:00+00:00
U042,P07,click,2026-01-09T22:12:00+00:00
U042,P24,click,2026-01-10T17:42:00+00:00
U042,P38,purchase,2026-01-11T16:56:00+00:00
U042,P35,click,2026-01-12T07:58:00+00:00
U043,P31,click,2026-01-06T05:34:00+00:00
U043,P04,click,2026-01-07T02:30:00+00:00
U043,P14,purchase,2026-01-07T09:16:00+00:00
U043,P11,click,2026-01-07T15:45:00+00:00
U043,P34,click,2026-01-07T19:57:00+00:00
U043,P08,click,2026-01-08T09:26:00+00:00
U043,P30,click,2026-01-08T16:52:00+00:00
U043,P16,purchase,2026-01-09T08:33:00+00:00
U043,P39,click,2026-01-09T15:08:00+00:00
U043,P29,click,2026-01-10T02:45:00+00:00
U043,P40,click,2026-01-10T06:30:00+00:00
U043,P12,click,2026-01-10T20:43:00+00:00
U043,P24,click,2026-01-10T22:23:00+00:00
U043,P02,click,2026-01-11T20:04:00+00:00
U043,P10,click,2026-01-12T19:05:00+00:00
U043,P05,click,2026-01-13T15:15:00+00:00
U043,P09,click,2026-01-13T19:32:00+00:00
U043,P15,purchase,2026-01-14T10:59:00+00:00
U044,P34,click,2026-01-04T15:47:00+00:00
U044,P32,purchase,2026-01-04T21:47:00+00:00
U044,P04,purchase,2026-01-05T15:24:00+00:00
U044,P31,click,2026-01-05T19:33:00+00:00
U044,P36,click,2026-01-06T08:30:00+00:00
U044,P29,click,2026-01-06T09:58:00+00:00
U044,P28,click,2026-01-07T00:40:00+00:00
U044,P25,click,2026-01-07T10:16:00+00:00
U044,P30,click,2026-01-08T05:20:00+00:00
U044,P17,click,2026-01-08T14:26:00+00:00
U044,P19,click,2026-01-08T18:57:00+00:00
U044,P23,click,2026-01-09T00:31:00+00:00
U044,P12,click,2026-01-09T20:32:00+00:00
U044,P27,purchase,2026-01-10T05:19:00+00:00
U045,P01,click,2026-01-06T16:06:00+00:00
U045,P10,purchase,2026-01-06T16:21:00+00:00
U045,P21,click,2026-01-07T11:58:00+00:00
U045,P29,click,2026-01-08T08:24:00+00:00
U045,P13,click,2026-01-08T21:56:00+00:00
U045,P02,click,2026-01-09T16:21:00+00:00
U045,P04,click,2026-01-10T11:07:00+00:00
U045,P28,click,2026-01-10T14:06:00+00:00
U045,P34,click,2026-01-11T00:35:00+00:00
U045,P27,click,2026-01-11T07:50:00+00:00
U045,P07,purchase,2026-01-11T19:39:00+00:00
U045,P38,click,2026-01-12T02:57:00+00:00
U045,P06,purchase,2026-01-12T17:07:00+00:00
U045,P08,click,2026-01-13T15:14:00+00:00
U045,P05,click,2026-01-14T08:48:00+00:00
U045,P23,click,2026-01-14T13:44:00+00:00
U045,P03,purchase,2026-01-14T19:18:00+00:00
U046,P09,click,2026-01-17T18:20:00+00:00
U046,P14,click,2026-01-18T11:02:00+00:00
U046,P36,click,2026-01-19T05:56:00+00:00
U046,P12,click,2026-01-19T09:43:00+00:00
U046,P11,click,2026-01-19T15:47:00+00:00
U046,P16,click,2026-01-20T13:54:00+00:00
U046,P31,click,2026-01-21T10:41:00+00:00
U046,P13,click,2026-01-21T13:33:00+00:00
U046,P10,click,2026-01-21T23:12:00+00:00
U047,P15,click,2026-01-11T17:08:00+00:00
U047,P38,click,2026-01-12T16:02:00+00:00
U047,P16,click,2026-01-12T23:10:00+00:00
U047,P31,click,2026-01-13T16:55:00+00:00
U047,P33,click,2026-01-14T05:19:00+00:00
U047,P11,click,2026-01-14T18:38:00+00:00
U047,P19,click,2026-01-15T10:44:00+00:00
U047,P09,click,2026-01-16T02:20:00+00:00
U047,P10,click,2026-01-16T04:00:00+00:00
U048,P19,click,2026-01-22T11:44:00+00:00
U048,P01,click,2026-01-23T07:58:00+00:00
U048,P05,click,2026-01-23T10:23:00+00:00
U048,P31,click,2026-01-23T18:18:00+00:00
U048,P03,click,2026-01-24T07:17:00+00:00
U048,P06,click,2026-01-24T20:31:00+00:00
U048,P10,click,2026-01-25T01:06:00+00:00
U048,P08,click,2026-01-25T04:53:00+00:00
U048,P07,click,2026-01-25T05:31:00+00:00
U048,P04,click,2026-01-25T12:30:00+00:00
U048,P02,click,2026-01-26T06:25:00+00:00
U049,P37,purchase,2026-01-01T06:17:00+00:00
U049,P35,click,2026-01-02T02:05:00+00:00
U049,P40,click,2026-01-02T20:00:00+00:00
U049,P28,click,2026-01-03T00:06:00+00:00
U049,P25,click,2026-01-03T17:55:00+00:00
U049,P39,click,2026-01-03T18:14:00+00:00
U049,P34,purchase,2026-01-04T07:07:00+00:00
U049,P33,click,2026-01-05T05:32:00+00:00
U050,P26,click,2026-01-20T02:38:00+00:00
U050,P31,click,2026-01-21T01:06:00+00:00
U050,P15,click,2026-01-21T18:58:00+00:00
U050,P11,purchase,2026-01-22T04:49:00+00:00
U050,P10,purchase,2026-01-23T01:17:00+00:00
U050,P14,click,2026-01-23T03:19:00+00:00
U050,P40,click,2026-01-23T09:22:00+00:00
U050,P16,purchase,2026-01-24T07:18:00+00:00
U050,P09,click,2026-01-25T00:15:00+00:00
U050,P13,click,2026-01-25T15:19:00+00:00
U050,P08,click,2026-01-25T15:45:00+00:00
U051,P11,purchase,2026-01-12T12:35:00+00:00
U051,P15,click,2026-01-13T03:25:00+00:00
U051,P12,purchase,2026-01-13T16:30:00+00:00
U051,P02,click,2026-01-13T23:16:00+00:00
U051,P30,click,2026-01-14T04:19:00+00:00
U051,P37,click,2026-01-14T09:30:00+00:00
U051,P09,click,2026-01-15T01:43:00+00:00
U051,P33,click,2026-01-15T02:07:00+00:00
U051,P10,click,2026-01-15T08:13:00+00:00
U051,P16,click,2026-01-15T22:41:00+00:00
U051,P24,click,2026-01-16T15:49:00+00:00
U051,P14,click,2026-01-16T20:29:00+00:00
U051,P17,click,2026-01-17T18:05:00+00:00
U051,P27,click,2026-01-18T11:48:00+00:00
U051,P22,click,2026-01-19T06:06:00+00:00
U051,P13,purchase,2026-01-19T16:57:00+00:00
U051,P23,click,2026-01-20T09:38:00+00:00
U051,P35,click,2026-01-20T19:57:00+00:00
U052,P23,click,2026-01-15T12:50:00+00:00
U052,P39,click,2026-01-16T02:59:00+00:00
U052,P18,click,2026-01-16T11:56:00+00:00
U052,P21,click,2026-01-16T17:19:00+00:00
U052,P30,click,2026-01-17T03:45:00+00:00
U052,P22,click,2026-01-17T04:11:00+00:00
U052,P24,click,2026-01-17T04:16:00+00:00
U052,P17,click,2026-01-17T22:12:00+00:00
U052,P19,click,2026-01-18T02:56:00+00:00
U052,P35,click,2026-01-18T14:45:00+00:00
U052,P20,click,2026-01-19T00:37:00+00:00
U052,P31,click,2026-01-19T16:42:00+00:00
U052,P09,click,2026-01-20T11:02:00+00:00
U052,P29,click,2026-01-20T11:24:00+00:00
U052,P34,click,2026-01-21T10:57:00+00:00
U053,P10,click,2026-01-15T22:21:00+00:00
U053,P27,click,2026-01-16T19:54:00+00:00
U053,P12,click,2026-01-16T21:25:00+00:00
U053,P30,click,2026-01-17T16:15:00+00:00
U053,P01,click,2026-01-18T10:06:00+00:00
U053,P18,click,2026-01-18T14:21:00+00:00
U053,P29,click,2026-01-18T23:04:00+00:00
U053,P25,click,2026-01-19T15:34:00+00:00
U053,P28,click,2026-01-20T13:26:00+00:00
U053,P05,click,2026-01-20T23:42:00+00:00
U053,P31,click,2026-01-21T06:33:00+00:00
U053,P26,click,2026-01-21T18:56:00+00:00
U053,P32,click,2026-01-21T20:47:00+00:00
U054,P12,click,2026-01-10T10:42:00+00:00
U054,P38,click,2026-01-10T17:09:00+00:00
U054,P29,click,2026-01-11T11:47:00+00:00
U054,P15,click,2026-01-11T23:44:00+00:00
U054,P04,click,2026-01-12T10:51:00+00:00
U054,P16,click,2026-01-13T02:55:00+00:00
U054,P14,purchase,2026-01-13T12:23:00+00:00
U054,P10,click,2026-01-14T08:54:00+00:00
U054,P01,click,2026-01-15T03:54:00+00:00
U055,P21,purchase,2026-01-30T21:17:00+00:00
U055,P13,click,2026-01-31T09:35:00+00:00
U055,P40,click,2026-02-01T08:41:00+00:00
U055,P12,click,2026-02-02T00:25:00+00:00
U055,P15,click,2026-02-02T23:12:00+00:00
U055,P14,purchase,2026-02-03T13:51:00+00:00
U055,P16,click,2026-02-03T17:29:00+00:00
U055,P17,click,2026-02-03T23:15:00+00:00
U055,P24,click,2026-02-04T05:29:00+00:00
U055,P07,click,2026-02-05T00:20:00+00:00
U055,P10,purchase,2026-02-05T14:07:00+00:00
U055,P09,click,2026-02-06T07:25:00+00:00
U055,P20,click,2026-02-06T19:01:00+00:00
U056,P15,purchase,2026-01-12T22:44:00+00:00
U056,P02,click,2026-01-13T03:51:00+00:00
U056,P10,click,2026-01-13T13:45:00+00:00
U056,P40,click,2026-01-13T14:18:00+00:00
U056,P27,click,2026-01-14T02:06:00+00:00
U056,P09,click,2026-01-15T01:51:00+00:00
U056,P11,click,2026-01-15T05:43:00+00:00
U056,P16,click,2026-01-15T16:12:00+00:00
U056,P13,click,2026-01-16T07:38:00+00:00
U056,P14,click,2026-01-16T23:47:00+00:00
U056,P31,click,2026-01-17T00:38:00+00:00
U056,P12,click,2026-01-17T12:02:00+00:00
U056,P21,click,2026-01-17T19:15:00+00:00
U056,P18,click,2026-01-18T13:41:00+00:00
U056,P39,click,2026-01-18T20:59:00+00:00
U057,P02,click,2026-01-22T04:56:00+00:00
U057,P17,click,2026-01-22T06:27:00+00:00
U057,P34,click,2026-01-22T14:55:00+00:00
U057,P05,click,2026-01-23T08:42:00+00:00
U057,P10,click,2026-01-24T03:08:00+00:00
U057,P09,purchase,2026-01-24T16:43:00+00:00
U057,P21,click,2026-01-24T18:08:00+00:00
U057,P14,click,2026-01-25T13:15:00+00:00
U057,P11,click,2026-01-26T02:33:00+00:00
U057,P18,click,2026-01-26T20:15:00+00:00
U057,P16,click,2026-01-27T17:51:00+00:00
U057,P12,click,2026-01-27T19:36:00+00:00
U057,P15,click,2026-01-28T02:09:00+00:00
U057,P13,purchase,2026-01-28T12:10:00+00:00
U057,P29,click,2026-01-29T03:15:00+00:00
U057,P24,click,2026-01-29T16:55:00+00:00
U057,P40,click,2026-01-30T03:23:00+00:00
U057,P01,click,2026-01-30T13:13:00+00:00
U058,P40,click,2026-01-21T05:25:00+00:00
U058,P27,click,2026-01-22T02:01:00+00:00
U058,P30,click,2026-01-22T22:35:00+00:00
U058,P35,click,2026-01-22T22:53:00+00:00
U058,P01,click,2026-01-23T07:19:00+00:00
U058,P11,click,2026-01-24T02:04:00+00:00
U058,P32,purchase,2026-01-24T11:38:00+00:00
U058,P37,click,2026-01-25T08:52:00+00:00
U058,P24,click,2026-01-26T06:24:00+00:00
U058,P31,click,2026-01-27T01:30:00+00:00
U058,P12,click,2026-01-27T08:40:00+00:00
U058,P29,click,2026-01-27T10:25:00+00:00
U058,P26,click,2026-01-27T16:48:00+00:00
U058,P34,click,2026-01-27T21:56:00+00:00
U058,P28,click,2026-01-27T23:53:00+00:00
U059,P23,click,2026-01-27T00:46:00+00:00
U059,P31,click,2026-01-27T01:29:00+00:00
U059,P24,click,2026-01-27T08:40:00+00:00
U059,P07,click,2026-01-28T04:27:00+00:00
U059,P21,click,2026-01-29T03:55:00+00:00
U059,P20,click,2026-01-29T15:19:00+00:00
U059,P06,click,2026-01-30T03:28:00+00:00
U059,P02,click,2026-01-30T05:48:00+00:00
U059,P40,click,2026-01-30T10:58:00+00:00
U059,P05,click,2026-01-30T20:37:00+00:00
U059,P01,click,2026-01-30T21:45:00+00:00
U059,P17,purchase,2026-01-31T09:24:00+00:00
U059,P22,click,2026-01-31T22:17:00+00:00
U059,P19,click,2026-02-01T19:45:00+00:00
U059,P04,purchase,2026-02-02T14:04:00+00:00
U059,P18,click,2026-02-02T19:48:00+00:00
U060,P36,click,2026-01-03T23:37:00+00:00
U060,P33,click,2026-01-04T19:59:00+00:00
U060,P29,click,2026-01-04T23:02:00+00:00
U060,P35,purchase,2026-01-05T10:29:00+00:00
U060,P34,click,2026-01-06T02:30:00+00:00
U060,P38,click,2026-01-06T04:09:00+00:00
U060,P20,click,2026-01-06T07:45:00+00:00
U060,P37,click,2026-01-07T01:36:00+00:00
U061,P23,purchase,2026-01-06T09:31:00+00:00
U061,P01,click,2026-01-06T10:39:00+00:00
U061,P19,purchase,2026-01-06T18:45:00+00:00
U061,P28,click,2026-01-07T09:34:00+00:00
U061,P20,click,2026-01-08T05:47:00+00:00
U061,P29,click,2026-01-08T19:19:00+00:00
U061,P31,click,2026-01-09T16:44:00+00:00
U061,P17,purchase,2026-01-10T03:40:00+00:00
U061,P18,purchase,2026-01-10T16:48:00+00:00
U061,P24,click,2026-01-11T06:44:00+00:00
U061,P30,click,2026-01-11T19:50:00+00:00
U061,P27,click,2026-01-12T10:46:00+00:00
U061,P21,purchase,2026-01-13T05:27:00+00:00
U061,P26,purchase,2026-01-13T12:44:00+00:00
U061,P22,click,2026-01-14T11:25:00+00:00
U061,P32,click,2026-01-14T17:25:00+00:00
U062,P25,purchase,2026-01-30T14:38:00+00:00
U062,P32,click,2026-01-31T10:30:00+00:00
U062,P28,click,2026-01-31T21:14:00+00:00
U062,P06,click,2026-02-01T18:14:00+00:00
U062,P35,click,2026-02-01T20:07:00+00:00
U062,P31,click,2026-02-02T07:55:00+00:00
U062,P34,click,2026-02-03T02:15:00+00:00
U062,P09,click,2026-02-03T02:42:00+00:00
U062,P37,click,2026-02-03T18:47:00+00:00
U062,P27,click,2026-02-04T10:21:00+00:00
U062,P30,purchase,2026-02-05T03:55:00+00:00
U063,P23,click,2026-01-19T06:14:00+00:00
U063,P16,click,2026-01-19T19:37:00+00:00
U063,P11,click,2026-01-20T11:53:00+00:00
U063,P03,click,2026-01-20T20:55:00+00:00
U063,P10,click,2026-01-21T01:57:00+00:00
U063,P28,click,2026-01-21T20:08:00+00:00
U063,P40,purchase,2026-01-22T11:03:00+00:00
U063,P27,click,2026-01-22T11:32:00+00:00
U063,P29,click,2026-01-22T21:28:00+00:00
U063,P37,click,2026-01-23T12:52:00+00:00
U063,P26,click,2026-01-24T01:59:00+00:00
U064,P21,click,2026-01-04T00:49:00+00:00
U064,P26,click,2026-01-04T02:21:00+00:00
U064,P38,click,2026-01-04T16:16:00+00:00
U064,P09,purchase,2026-01-04T20:23:00+00:00
U064,P22,click,2026-01-05T03:41:00+00:00
U064,P05,click,2026-01-06T02:05:00+00:00
U064,P25,click,2026-01-07T00:56:00+00:00
U064,P24,click,2026-01-07T18:52:00+00:00
U064,P20,click,2026-01-08T10:35:00+00:00
U064,P23,click,2026-01-09T09:48:00+00:00
U064,P19,click,2026-01-10T04:11:00+00:00
U064,P17,click,2026-01-10T09:21:00+00:00
U064,P18,click,2026-01-11T05:12:00+00:00
U064,P12,click,2026-01-11T13:14:00+00:00
U064,P02,click,2026-01-11T15:46:00+00:00
U064,P07,click,2026-01-11T17:06:00+00:00
U065,P10,click,2026-01-03T22:06:00+00:00
U065,P09,click,2026-01-04T04:06:00+00:00
U065,P16,click,2026-01-04T15:38:00+00:00
U065,P07,click,2026-01-04T17:52:00+00:00
U065,P28,click,2026-01-04T22:04:00+00:00
U065,P26,click,2026-01-05T07:29:00+00:00
U066,P31,click,2026-01-28T23:36:00+00:00
U066,P16,purchase,2026-01-29T21:05:00+00:00
U066,P15,click,2026-01-30T07:26:00+00:00
U066,P03,click,2026-01-30T19:23:00+00:00
U066,P11,click,2026-01-31T09:45:00+00:00
U066,P13,click,2026-01-31T09:59:00+00:00
U066,P10,click,2026-02-01T05:06:00+00:00
U066,P40,click,2026-02-01T13:13:00+00:00
U067,P31,click,2026-01-05T13:53:00+00:00
U067,P14,click,2026-01-05T14:23:00+00:00
U067,P11,click,2026-01-06T14:07:00+00:00
U067,P04,click,2026-01-07T04:04:00+00:00
U067,P06,click,2026-01-07T11:35:00+00:00
U067,P30,click,2026-01-07T16:11:00+00:00
U067,P09,purchase,2026-01-08T04:30:00+00:00
U067,P15,click,2026-01-08T14:40:00+00:00
U067,P03,purchase,2026-01-08T22:54:00+00:00
U067,P38,click,2026-01-09T21:05:00+00:00
U067,P16,click,2026-01-10T00:15:00+00:00
U067,P13,purchase,2026-01-10T00:52:00+00:00
U067,P10,purchase,2026-01-10T17:19:00+00:00
U067,P01,click,2026-01-11T16:14:00+00:00
U067,P12,click,2026-01-12T02:43:00+00:00
U068,P09,click,2026-01-14T22:31:00+00:00
U068,P10,click,2026-01-15T21:53:00+00:00
U068,P02,click,2026-01-16T16:26:00+00:00
U068,P04,click,2026-01-16T21:01:00+00:00
U068,P01,click,2026-01-17T13:16:00+00:00
U068,P24,click,2026-01-18T01:11:00+00:00
U068,P12,click,2026-01-18T15:36:00+00:00
U068,P16,click,2026-01-19T06:50:00+00:00
U068,P33,click,2026-01-20T04:55:00+00:00
U068,P05,click,2026-01-20T05:43:00+00:00
U068,P15,click,2026-01-20T15:45:00+00:00
U068,P11,click,2026-01-20T22:17:00+00:00
U068,P13,click,2026-01-21T00:30:00+00:00
U068,P14,click,2026-01-21T01:20:00+00:00
U068,P06,click,2026-01-21T09:20:00+00:00
U069,P10,click,2026-01-19T07:21:00+00:00
U069,P03,click,2026-01-19T22:01:00+00:00
U069,P35,click,2026-01-20T10:43:00+00:00
U069,P38,click,2026-01-20T23:58:00+00:00
U069,P37,purchase,2026-01-21T12:46:00+00:00
U069,P04,click,2026-01-21T13:15:00+00:00
U069,P36,click,2026-01-21T23:02:00+00:00
U069,P33,click,2026-01-22T10:53:00+00:00
U069,P18,click,2026-01-22T22:57:00+00:00
U069,P34,click,2026-01-23T09:32:00+00:00
U069,P30,click,2026-01-24T00:49:00+00:00
U069,P40,click,2026-01-24T20:02:00+00:00
U070,P08,click,2026-01-04T15:29:00+00:00
U070,P07,click,2026-01-04T20:02:00+00:00
U070,P01,click,2026-01-04T20:42:00+00:00
U070,P29,click,2026-01-05T13:09:00+00:00
U070,P09,click,2026-01-06T01:07:00+00:00
U070,P33,purchase,2026-01-06T11:50:00+00:00
U070,P25,click,2026-01-07T11:30:00+00:00
U070,P31,click,2026-01-07T23:57:00+00:00
U070,P06,purchase,2026-01-08T04:46:00+00:00
U070,P39,click,2026-01-08T19:56:00+00:00
U070,P02,purchase,2026-01-09T16:24:00+00:00
U070,P05,click,2026-01-10T10:20:00+00:00
U070,P03,purchase,2026-01-10T22:05:00+00:00
U070,P37,click,2026-01-11T04:02:00+00:00
U070,P40,click,2026-01-11T14:30:00+00:00
U070,P16,purchase,2026-01-11T15:33:00+00:00
U070,P35,click,2026-01-11T19:40:00+00:00
U071,P13,click,2026-01-06T08:28:00+00:00
U071,P07,click,2026-01-06T23:30:00+00:00
U071,P17,click,2026-01-07T17:25:00+00:00
U071,P11,purchase,2026-01-08T15:58:00+00:00
U071,P16,click,2026-01-09T15:08:00+00:00
U071,P18,purchase,2026-01-09T18:07:00+00:00
U071,P03,click,2026-01-09T22:16:00+00:00
U071,P14,click,2026-01-10T03:14:00+00:00
U071,P28,click,2026-01-10T16:47:00+00:00
U071,P22,purchase,2026-01-11T06:32:00+00:00
U071,P31,click,2026-01-12T06:20:00+00:00
U071,P09,click,2026-01-13T02:34:00+00:00
U071,P10,click,2026-01-13T06:07:00+00:00
U071,P21,click,2026-01-13T11:57:00+00:00
U071,P15,purchase,2026-01-13T14:14:00+00:00
U071,P12,click,2026-01-14T02:43:00+00:00
U071,P40,click,2026-01-14T09:35:00+00:00
U072,P39,click,2026-01-29T11:38:00+00:00
U072,P21,click,2026-01-29T22:52:00+00:00
U072,P34,purchase,2026-01-30T04:09:00+00:00
U072,P20,click,2026-01-30T14:34:00+00:00
U072,P33,click,2026-01-31T11:52:00+00:00
U072,P23,click,2026-02-01T09:13:00+00:00
U072,P18,click,2026-02-01T12:35:00+00:00
U073,P08,click,2026-01-02T17:49:00+00:00
U073,P30,click,2026-01-03T11:31:00+00:00
U073,P04,click,2026-01-03T17:58:00+00:00
U073,P06,click,2026-01-04T13:44:00+00:00
U073,P20,click,2026-01-05T06:51:00+00:00
U073,P01,click,2026-01-05T14:12:00+00:00
U073,P26,click,2026-01-06T12:50:00+00:00
U073,P38,click,2026-01-07T04:52:00+00:00
U073,P07,click,2026-01-07T14:05:00+00:00
U073,P02,click,2026-01-08T11:56:00+00:00
U073,P22,click,2026-01-09T06:12:00+00:00
U073,P35,click,2026-01-10T03:15:00+00:00
U073,P03,click,2026-01-10T18:08:00+00:00
U073,P05,click,2026-01-11T13:32:00+00:00
U074,P02,click,2026-01-21T14:02:00+00:00
U074,P32,click,2026-01-21T22:47:00+00:00
U074,P01,click,2026-01-22T18:59:00+00:00
U074,P30,click,2026-01-22T20:58:00+00:00
U074,P04,purchase,2026-01-23T13:47:00+00:00
U074,P03,click,2026-01-24T08:04:00+00:00
U074,P05,click,2026-01-24T20:56:00+00:00
U074,P21,click,2026-01-25T20:53:00+00:00
U074,P18,click,2026-01-26T00:49:00+00:00
U074,P28,click,2026-01-26T11:42:00+00:00
U074,P27,click,2026-01-27T06:24:00+00:00
U075,P04,click,2026-01-20T06:29:00+00:00
U075,P16,click,2026-01-20T20:59:00+00:00
U075,P20,purchase,2026-01-21T00:29:00+00:00
U075,P27,click,2026-01-21T06:02:00+00:00
U075,P39,purchase,2026-01-22T05:57:00+00:00
U075,P10,click,2026-01-22T14:56:00+00:00
U075,P31,click,2026-01-23T08:17:00+00:00
U075,P28,click,2026-01-23T10:37:00+00:00
U075,P30,click,2026-01-23T22:42:00+00:00
U076,P37,click,2026-01-29T18:08:00+00:00
U076,P18,click,2026-01-30T02:41:00+00:00
U076,P21,click,2026-01-30T15:23:00+00:00
U076,P31,click,2026-01-31T11:21:00+00:00
U076,P30,click,2026-02-01T10:47:00+00:00
U076,P12,click,2026-02-02T08:57:00+00:00
U076,P36,click,2026-02-03T00:40:00+00:00
U076,P09,purchase,2026-02-03T03:40:00+00:00
U076,P13,click,2026-02-03T04:06:00+00:00
U076,P29,click,2026-02-03T20:11:00+00:00
U076,P26,click,2026-02-04T00:48:00+00:00
U076,P32,purchase,2026-02-04T11:55:00+00:00
U076,P27,click,2026-02-05T11:39:00+00:00
U076,P28,click,2026-02-06T01:18:00+00:00
U077,P19,click,2026-01-27T13:36:00+00:00
U077,P13,purchase,2026-01-28T07:38:00+00:00
U077,P15,purchase,2026-01-29T03:11:00+00:00
U077,P11,click,2026-01-29T09:25:00+00:00
U077,P16,click,2026-01-29T23:42:00+00:00
U077,P03,click,2026-01-30T02:24:00+00:00
U077,P32,click,2026-01-30T10:53:00+00:00
U077,P01,click,2026-01-31T03:58:00+00:00
U077,P36,click,2026-02-01T03:09:00+00:00
U077,P12,purchase,2026-02-01T06:27:00+00:00
U077,P24,click,2026-02-01T17:45:00+00:00
U077,P09,click,2026-02-01T18:43:00+00:00
U077,P14,click,2026-02-02T04:30:00+00:00
U077,P21,click,2026-02-03T03:50:00+00:00
U077,P29,click,2026-02-04T03:08:00+00:00
U077,P39,click,2026-02-04T07:22:00+00:00
U077,P28,click,2026-02-04T20:54:00+00:00
U078,P39,click,2026-01-12T20:51:00+00:00
U078,P24,click,2026-01-13T05:07:00+00:00
U078,P21,click,2026-01-13T18:48:00+00:00
U078,P17,click,2026-01-13T21:55:00+00:00
U078,P19,click,2026-01-13T22:42:00+00:00
U078,P37,click,2026-01-14T05:53:00+00:00
U078,P10,purchase,2026-01-14T11:31:00+00:00
U079,P32,click,2026-01-17T13:01:00+00:00
U079,P39,click,2026-01-18T09:05:00+00:00
U079,P34,click,2026-01-18T11:57:00+00:00
U079,P25,click,2026-01-19T05:13:00+00:00
U079,P26,purchase,2026-01-19T05:51:00+00:00
U079,P30,click,2026-01-19T09:49:00+00:00
U079,P40,click,2026-01-20T08:28:00+00:00
U079,P31,click,2026-01-21T00:20:00+00:00
U079,P29,click,2026-01-21T06:32:00+00:00
U079,P27,purchase,2026-01-21T12:50:00+00:00
U080,P25,click,2026-01-23T21:42:00+00:00
U080,P24,click,2026-01-24T05:47:00+00:00
U080,P32,click,2026-01-24T13:00:00+00:00
U080,P07,click,2026-01-25T08:05:00+00:00
U080,P08,click,2026-01-25T09:46:00+00:00
U080,P23,click,2026-01-25T10:28:00+00:00
U080,P28,click,2026-01-25T22:47:00+00:00
U080,P27,purchase,2026-01-26T07:46:00+00:00
U080,P12,click,2026-01-26T20:02:00+00:00
U080,P26,click,2026-01-27T19:13:00+00:00
U080,P36,purchase,2026-01-28T00:42:00+00:00
U080,P29,click,2026-01-28T06:44:00+00:00
U080,P37,purchase,2026-01-29T00:00:00+00:00
U080,P35,click,2026-01-29T01:10:00+00:00
U080,P31,purchase,2026-01-29T03:25:00+00:00
U080,P30,click,2026-01-29T15:01:00+00:00
U080,P39,click,2026-01-30T05:47:00+00:00
U081,P02,click,2026-01-10T20:45:00+00:00
U081,P40,click,2026-01-11T02:11:00+00:00
U081,P36,click,2026-01-11T12:14:00+00:00
U081,P06,click,2026-01-12T03:23:00+00:00
U081,P07,click,2026-01-12T20:44:00+00:00
U081,P29,click,2026-01-13T13:49:00+00:00
U081,P08,click,2026-01-13T17:17:00+00:00
U082,P08,click,2026-01-16T16:15:00+00:00
U082,P15,click,2026-01-17T01:52:00+00:00
U082,P34,click,2026-01-17T19:57:00+00:00
U082,P16,click,2026-01-18T16:52:00+00:00
U082,P06,click,2026-01-18T21:57:00+00:00
U082,P11,click,2026-01-19T21:56:00+00:00
U082,P10,click,2026-01-20T11:48:00+00:00
U082,P12,purchase,2026-01-21T03:06:00+00:00
U082,P27,click,2026-01-22T01:09:00+00:00
U082,P09,click,2026-01-22T08:14:00+00:00
U082,P04,click,2026-01-23T02:53:00+00:00
U083,P38,click,2026-01-22T00:17:00+00:00
U083,P26,click,2026-01-22T17:04:00+00:00
U083,P24,click,2026-01-23T07:22:00+00:00
U083,P35,click,2026-01-23T13:00:00+00:00
U083,P36,purchase,2026-01-23T18:00:00+00:00
U083,P31,click,2026-01-24T11:20:00+00:00
U083,P08,click,2026-01-24T15:45:00+00:00
U083,P30,click,2026-01-25T08:22:00+00:00
U083,P39,click,2026-01-26T00:04:00+00:00
U083,P37,click,2026-01-26T04:33:00+00:00
U083,P33,click,2026-01-26T22:09:00+00:00
U083,P20,click,2026-01-27T16:17:00+00:00
U083,P17,click,2026-01-27T20:23:00+00:00
U083,P29,click,2026-01-28T20:10:00+00:00
U083,P11,purchase,2026-01-29T03:30:00+00:00
U083,P06,purchase,2026-01-29T19:07:00+00:00
U084,P30,click,2026-01-21T03:34:00+00:00
U084,P34,click,2026-01-21T17:48:00+00:00
U084,P10,click,2026-01-21T18:42:00+00:00
U084,P16,click,2026-01-22T12:48:00+00:00
U084,P26,click,2026-01-22T23:42:00+00:00
U084,P25,click,2026-01-23T12:49:00+00:00
U084,P18,click,2026-01-23T21:40:00+00:00
U084,P32,purchase,2026-01-24T00:51:00+00:00
U084,P31,click,2026-01-24T04:50:00+00:00
U084,P29,purchase,2026-01-24T08:18:00+00:00
U084,P11,click,2026-01-25T02:52:00+00:00
U084,P22,click,2026-01-25T08:41:00+00:00
U084,P13,click,2026-01-25T18:30:00+00:00
U084,P27,purchase,2026-01-25T23:29:00+00:00
U085,P12,click,2026-01-04T16:05:00+00:00
U085,P14,purchase,2026-01-04T17:09:00+00:00
U085,P08,click,2026-01-05T07:08:00+00:00
U085,P17,click,2026-01-06T04:50:00+00:00
U085,P25,click,2026-01-06T12:53:00+00:00
U085,P15,click,2026-01-06T13:36:00+00:00
U085,P20,click,2026-01-06T22:52:00+00:00
U086,P01,click,2026-01-09T13:07:00+00:00
U086,P36,click,2026-01-09T19:48:00+00:00
U086,P34,click,2026-01-10T18:24:00+00:00
U086,P22,click,2026-01-11T13:47:00+00:00
U086,P25,click,2026-01-12T12:48:00+00:00
U086,P13,click,2026-01-13T12:10:00+00:00
U086,P39,click,2026-01-14T08:49:00+00:00
U086,P33,click,2026-01-15T04:11:00+00:00
U086,P18,click,2026-01-15T10:15:00+00:00
U086,P40,click,2026-01-15T12:33:00+00:00
U086,P29,click,2026-01-16T08:42:00+00:00
U086,P28,click,2026-01-16T13:09:00+00:00
U086,P37,click,2026-01-16T15:27:00+00:00
U086,P35,click,2026-01-16T19:52:00+00:00
U086,P38,click,2026-01-17T04:48:00+00:00
U086,P15,click,2026-01-18T00:20:00+00:00
U087,P29,click,2026-01-11T00:47:00+00:00
U087,P26,click,2026-01-11T07:44:00+00:00
U087,P16,purchase,2026-01-11T10:09:00+00:00
U087,P38,click,2026-01-11T21:53:00+00:00
U087,P03,click,2026-01-12T04:25:00+00:00
U087,P28,click,2026-01-13T03:17:00+00:00
U087,P12,click,2026-01-13T19:36:00+00:00
U087,P15,click,2026-01-14T19:23:00+00:00
U087,P05,click,2026-01-15T19:04:00+00:00
U087,P09,click,2026-01-16T11:06:00+00:00
U087,P11,purchase,2026-01-17T07:39:00+00:00
U087,P17,click,2026-01-18T07:22:00+00:00
U087,P13,click,2026-01-18T18:45:00+00:00
U087,P10,click,2026-01-19T14:34:00+00:00
U087,P14,purchase,2026-01-20T09:58:00+00:00
U087,P40,click,2026-01-20T21:30:00+00:00
U087,P22,click,2026-01-21T18:36:00+00:00
U088,P22,click,2026-01-02T05:33:00+00:00
U088,P21,purchase,2026-01-02T14:34:00+00:00
U088,P17,click,2026-01-02T18:06:00+00:00
U088,P18,purchase,2026-01-02T18:53:00+00:00
U088,P20,click,2026-01-03T18:05:00+00:00
U088,P15,click,2026-01-03T22:51:00+00:00
U088,P24,purchase,2026-01-04T11:52:00+00:00
U088,P23,purchase,2026-01-05T10:18:00+00:00
U089,P03,click,2026-01-23T08:48:00+00:00
U089,P38,click,2026-01-24T05:52:00+00:00
U089,P04,click,2026-01-24T08:09:00+00:00
U089,P05,purchase,2026-01-24T13:56:00+00:00
U089,P07,click,2026-01-25T07:22:00+00:00
U089,P01,click,2026-01-25T20:41:00+00:00
U089,P16,click,2026-01-26T18:47:00+00:00
U089,P40,click,2026-01-27T12:14:00+00:00
U089,P09,click,2026-01-28T01:05:00+00:00
U090,P30,click,2026-01-21T06:26:00+00:00
U090,P24,click,2026-01-21T19:03:00+00:00
U090,P32,click,2026-01-22T12:06:00+00:00
U090,P29,click,2026-01-22T23:00:00+00:00
U090,P25,purchase,2026-01-23T08:24:00+00:00
U090,P26,click,2026-01-23T21:32:00+00:00
U090,P31,click,2026-01-23T22:27:00+00:00
U090,P28,click,2026-01-24T04:39:00+00:00
U091,P29,click,2026-01-21T12:15:00+00:00
U091,P27,click,2026-01-22T02:35:00+00:00
U091,P26,click,2026-01-22T09:49:00+00:00
U091,P19,click,2026-01-23T00:52:00+00:00
U091,P07,purchase,2026-01-23T16:18:00+00:00
U091,P31,click,2026-01-24T11:26:00+00:00
U091,P05,purchase,2026-01-24T12:32:00+00:00
U091,P01,click,2026-01-25T01:24:00+00:00
U091,P15,click,2026-01-25T06:13:00+00:00
U091,P30,click,2026-01-26T02:00:00+00:00
U091,P28,click,2026-01-26T06:27:00+00:00
U092,P23,click,2026-01-26T10:03:00+00:00
U092,P14,click,2026-01-26T11:13:00+00:00
U092,P18,click,2026-01-27T10:49:00+00:00
U092,P22,click,2026-01-28T07:29:00+00:00
U092,P21,click,2026-01-29T00:14:00+00:00
U092,P17,click,2026-01-29T01:13:00+00:00
U093,P13,click,2026-01-31T06:13:00+00:00
U093,P16,click,2026-02-01T06:08:00+00:00
U093,P23,click,2026-02-02T01:37:00+00:00
U093,P37,click,2026-02-02T04:57:00+00:00
U093,P12,purchase,2026-02-02T18:27:00+00:00
U093,P09,click,2026-02-03T18:22:00+00:00
U093,P11,click,2026-02-03T19:56:00+00:00
U093,P14,click,2026-02-04T04:11:00+00:00
U093,P40,purchase,2026-02-04T09:39:00+00:00
U093,P15,click,2026-02-04T19:04:00+00:00
U094,P34,click,2026-01-26T21:31:00+00:00
U094,P38,click,2026-01-27T05:52:00+00:00
U094,P36,click,2026-01-27T20:53:00+00:00
U094,P39,click,2026-01-28T01:45:00+00:00
U094,P09,click,2026-01-28T17:54:00+00:00
U094,P40,purchase,2026-01-29T03:30:00+00:00
U094,P33,click,2026-01-29T09:05:00+00:00
U095,P35,click,2026-01-02T16:07:00+00:00
U095,P37,click,2026-01-03T12:10:00+00:00
U095,P13,purchase,2026-01-04T03:34:00+00:00
U095,P12,click,2026-01-04T16:42:00+00:00
U095,P15,click,2026-01-05T10:13:00+00:00
U095,P26,click,2026-01-06T08:09:00+00:00
U095,P24,click,2026-01-06T16:10:00+00:00
U095,P07,click,2026-01-07T09:26:00+00:00
U095,P16,click,2026-01-08T05:34:00+00:00
U095,P18,click,2026-01-08T06:06:00+00:00
U095,P09,click,2026-01-08T14:07:00+00:00
U095,P14,click,2026-01-08T14:55:00+00:00
U095,P10,click,2026-01-09T12:02:00+00:00
U095,P03,click,2026-01-09T16:21:00+00:00
U095,P11,purchase,2026-01-10T02:58:00+00:00
U096,P09,click,2026-01-07T09:33:00+00:00
U096,P23,click,2026-01-08T02:14:00+00:00
U096,P31,purchase,2026-01-08T08:31:00+00:00
U096,P12,click,2026-01-09T01:45:00+00:00
U096,P08,click,2026-01-09T05:35:00+00:00
U096,P29,click,2026-01-09T21:02:00+00:00
U096,P18,click,2026-01-10T16:28:00+00:00
U096,P15,click,2026-01-10T23:48:00+00:00
U096,P20,click,2026-01-11T06:13:00+00:00
U096,P11,click,2026-01-11T13:09:00+00:00
U096,P16,click,2026-01-11T15:14:00+00:00
U096,P24,click,2026-01-11T21:33:00+00:00
U096,P17,click,2026-01-12T04:10:00+00:00
U096,P13,purchase,2026-01-12T13:06:00+00:00
U096,P26,click,2026-01-13T03:08:00+00:00
U096,P06,click,2026-01-13T18:15:00+00:00
U096,P14,click,2026-01-14T15:43:00+00:00
U096,P10,purchase,2026-01-15T13:06:00+00:00
U097,P16,click,2026-01-01T19:02:00+00:00
U097,P04,click,2026-01-02T18:57:00+00:00
U097,P06,purchase,2026-01-03T08:44:00+00:00
U097,P08,click,2026-01-03T13:33:00+00:00
U097,P02,click,2026-01-03T14:30:00+00:00
U097,P38,click,2026-01-04T11:07:00+00:00
U097,P01,click,2026-01-04T15:23:00+00:00
U097,P05,click,2026-01-05T09:34:00+00:00
U098,P07,click,2026-01-02T04:29:00+00:00
U098,P08,click,2026-01-02T20:17:00+00:00
U098,P25,click,2026-01-03T07:09:00+00:00
U098,P23,click,2026-01-03T12:10:00+00:00
U098,P19,click,2026-01-03T22:22:00+00:00
U098,P32,click,2026-01-04T05:55:00+00:00
U098,P29,click,2026-01-04T23:03:00+00:00
U098,P22,purchase,2026-01-05T22:20:00+00:00
U098,P39,click,2026-01-06T13:58:00+00:00
U098,P18,click,2026-01-06T19:04:00+00:00
U098,P21,click,2026-01-07T15:40:00+00:00
U098,P31,click,2026-01-08T01:25:00+00:00
U098,P17,click,2026-01-08T06:28:00+00:00
U098,P34,click,2026-01-09T05:15:00+00:00
U098,P28,click,2026-01-09T06:30:00+00:00
U098,P20,purchase,2026-01-10T03:01:00+00:00
U098,P33,purchase,2026-01-10T14:01:00+00:00
U098,P24,click,2026-01-11T00:38:00+00:00
U099,P40,click,2026-01-05T00:33:00+00:00
U099,P35,click,2026-01-05T10:17:00+00:00
U099,P37,click,2026-01-05T20:00:00+00:00
U099,P38,purchase,2026-01-06T19:51:00+00:00
U099,P36,click,2026-01-07T02:35:00+00:00
U099,P20,click,2026-01-08T02:35:00+00:00
U099,P15,click,2026-01-08T21:22:00+00:00
U100,P19,click,2026-01-07T21:02:00+00:00
U100,P32,click,2026-01-08T04:27:00+00:00
U100,P18,purchase,2026-01-08T09:06:00+00:00
U100,P24,click,2026-01-09T05:44:00+00:00
U100,P10,click,2026-01-10T00:39:00+00:00
U100,P17,click,2026-01-10T08:06:00+00:00
U100,P29,click,2026-01-11T04:22:00+00:00
U100,P27,purchase,2026-01-11T16:42:00+00:00
U100,P31,click,2026-01-12T02:15:00+00:00
U100,P28,purchase,2026-01-12T06:43:00+00:00
U100,P25,purchase,2026-01-13T04:02:00+00:00
U100,P26,click,2026-01-13T18:31:00+00:00
U100,P06,click,2026-01-13T21:08:00+00:00
U100,P11,click,2026-01-14T15:59:00+00:00
U100,P34,click,2026-01-15T00:46:00+00:00
U100,P20,click,2026-01-15T09:44:00+00:00
U100,P08,click,2026-01-15T22:50:00+00:00
U100,P30,click,2026-01-16T21:05:00+00:00
U101,P10,click,2026-01-13T15:31:00+00:00
U101,P15,click,2026-01-13T23:18:00+00:00
U101,P12,purchase,2026-01-14T08:43:00+00:00
U101,P16,purchase,2026-01-14T09:08:00+00:00
U101,P13,click,2026-01-14T12:33:00+00:00
U101,P28,click,2026-01-15T01:30:00+00:00
U101,P11,click,2026-01-15T09:10:00+00:00
U102,P26,click,2026-01-24T02:14:00+00:00
U102,P29,purchase,2026-01-24T08:08:00+00:00
U102,P12,click,2026-01-24T20:57:00+00:00
U102,P33,click,2026-01-25T00:53:00+00:00
U102,P25,purchase,2026-01-25T12:30:00+00:00
U102,P15,click,2026-01-26T11:45:00+00:00
U102,P27,click,2026-01-26T20:21:00+00:00
U102,P31,click,2026-01-27T14:50:00+00:00
U102,P23,click,2026-01-27T18:56:00+00:00
U102,P32,click,2026-01-28T04:55:00+00:00
U102,P36,click,2026-01-28T15:12:00+00:00
U102,P24,click,2026-01-29T07:46:00+00:00
U102,P20,click,2026-01-29T17:52:00+00:00
U102,P34,click,2026-01-30T02:59:00+00:00
U102,P30,click,2026-01-30T10:20:00+00:00
U102,P28,click,2026-01-30T10:29:00+00:00
U102,P38,click,2026-01-31T08:06:00+00:00
U102,P01,click,2026-02-01T03:35:00+00:00
U103,P16,click,2026-01-19T07:41:00+00:00
U103,P19,click,2026-01-19T17:06:00+00:00
U103,P25,click,2026-01-19T23:44:00+00:00
U103,P29,click,2026-01-20T04:48:00+00:00
U103,P26,click,2026-01-20T19:26:00+00:00
U103,P31,click,2026-01-20T20:07:00+00:00
U103,P17,click,2026-01-21T17:14:00+00:00
U103,P01,click,2026-01-22T00:07:00+00:00
U103,P30,purchase,2026-01-22T03:18:00+00:00
U103,P18,purchase,2026-01-22T05:07:00+00:00
U103,P11,click,2026-01-22T18:10:00+00:00
U103,P32,purchase,2026-01-23T08:09:00+00:00
U103,P23,click,2026-01-24T02:09:00+00:00
U103,P13,click,2026-01-24T12:41:00+00:00
U103,P27,click,2026-01-25T12:39:00+00:00
U103,P28,purchase,2026-01-26T10:21:00+00:00
U104,P39,purchase,2026-01-10T05:23:00+00:00
U104,P12,purchase,2026-01-10T22:21:00+00:00
U104,P11,click,2026-01-11T21:48:00+00:00
U104,P05,click,2026-01-12T16:03:00+00:00
U104,P36,click,2026-01-13T09:39:00+00:00
U104,P13,click,2026-01-13T12:17:00+00:00
U104,P10,click,2026-01-13T18:00:00+00:00
U104,P14,purchase,2026-01-14T09:01:00+00:00
U104,P27,click,2026-01-15T02:29:00+00:00
U104,P15,click,2026-01-15T15:40:00+00:00
U104,P24,click,2026-01-16T10:56:00+00:00
U104,P38,click,2026-01-17T00:20:00+00:00
U104,P16,click,2026-01-17T14:05:00+00:00
U105,P40,click,2026-01-20T10:58:00+00:00
U105,P38,click,2026-01-20T21:06:00+00:00
U105,P37,click,2026-01-21T08:15:00+00:00
U105,P14,click,2026-01-21T10:17:00+00:00
U105,P33,click,2026-01-22T07:43:00+00:00
U105,P36,click,2026-01-22T08:09:00+00:00
U105,P17,click,2026-01-22T20:22:00+00:00
U105,P35,click,2026-01-23T03:56:00+00:00
U106,P22,click,2026-01-29T11:58:00+00:00
U106,P24,purchase,2026-01-29T16:05:00+00:00
U106,P19,click,2026-01-30T04:28:00+00:00
U106,P01,click,2026-01-30T07:26:00+00:00
U106,P02,purchase,2026-01-30T08:59:00+00:00
U106,P17,purchase,2026-01-31T05:42:00+00:00
U106,P18,click,2026-01-31T10:56:00+00:00
U106,P20,click,2026-01-31T17:05:00+00:00
U106,P26,click,2026-02-01T07:47:00+00:00
U106,P21,click,2026-02-02T01:58:00+00:00
U106,P05,click,2026-02-02T13:28:00+00:00
U106,P12,click,2026-02-03T10:01:00+00:00
U106,P07,click,2026-02-03T16:17:00+00:00
U106,P23,purchase,2026-02-04T15:33:00+00:00
U107,P16,click,2026-01-27T13:52:00+00:00
U107,P27,click,2026-01-28T06:13:00+00:00
U107,P26,click,2026-01-29T02:34:00+00:00
U107,P30,purchase,2026-01-29T08:02:00+00:00
U107,P23,click,2026-01-29T09:08:00+00:00
U107,P25,click,2026-01-29T14:13:00+00:00
U107,P24,click,2026-01-30T02:46:00+00:00
U107,P31,click,2026-01-30T07:40:00+00:00
U107,P28,click,2026-01-30T10:26:00+00:00
U107,P32,click,2026-01-30T18:52:00+00:00
U107,P05,click,2026-01-30T21:34:00+00:00
U107,P20,click,2026-01-30T22:04:00+00:00
U107,P22,click,2026-01-31T17:34:00+00:00
U107,P10,click,2026-02-01T07:51:00+00:00
U107,P04,click,2026-02-01T13:02:00+00:00
U108,P30,click,2026-01-20T02:32:00+00:00
U108,P37,click,2026-01-20T04:31:00+00:00
U108,P13,purchase,2026-01-20T12:04:00+00:00
U108,P29,click,2026-01-21T01:32:00+00:00
U108,P09,click,2026-01-21T07:53:00+00:00
U108,P28,click,2026-01-22T03:03:00+00:00
U108,P20,click,2026-01-22T23:47:00+00:00
U108,P11,purchase,2026-01-23T02:30:00+00:00
U109,P15,click,2026-01-09T19:31:00+00:00
U109,P22,purchase,2026-01-10T04:24:00+00:00
U109,P31,purchase,2026-01-10T20:38:00+00:00
U109,P27,click,2026-01-11T05:27:00+00:00
U109,P30,purchase,2026-01-11T20:37:00+00:00
U109,P33,click,2026-01-12T18:53:00+00:00
U109,P07,click,2026-01-12T23:45:00+00:00
U109,P11,click,2026-01-13T04:03:00+00:00
U109,P10,purchase,2026-01-13T23:32:00+00:00
U109,P25,click,2026-01-14T16:16:00+00:00
U109,P29,click,2026-01-14T17:42:00+00:00
U109,P37,click,2026-01-15T06:11:00+00:00
U109,P32,purchase,2026-01-15T16:03:00+00:00
U109,P28,purchase,2026-01-16T05:49:00+00:00
U109,P23,click,2026-01-16T19:51:00+00:00
U109,P26,click,2026-01-17T17:05:00+00:00
U110,P11,click,2026-01-08T10:12:00+00:00
U110,P34,click,2026-01-08T21:05:00+00:00
U110,P13,purchase,2026-01-09T01:02:00+00:00
U110,P21,click,2026-01-10T00:07:00+00:00
U110,P14,purchase,2026-01-10T14:04:00+00:00
U110,P06,click,2026-01-10T23:07:00+00:00
U110,P26,click,2026-01-11T16:58:00+00:00
U110,P10,click,2026-01-11T17:10:00+00:00
U110,P03,click,2026-01-12T08:37:00+00:00
U110,P36,click,2026-01-12T12:59:00+00:00
U110,P28,click,2026-01-13T10:43:00+00:00
U110,P16,click,2026-01-14T02:08:00+00:00
U110,P12,click,2026-01-15T00:01:00+00:00
U110,P15,purchase,2026-01-15T19:50:00+00:00
U111,P02,click,2026-01-12T00:03:00+00:00
U111,P23,click,2026-01-12T14:17:00+00:00
U111,P04,click,2026-01-12T15:28:00+00:00
U111,P30,click,2026-01-12T16:04:00+00:00
U111,P18,click,2026-01-12T17:02:00+00:00
U111,P37,click,2026-01-12T22:21:00+00:00
U111,P33,click,2026-01-13T11:12:00+00:00
U111,P06,purchase,2026-01-14T04:59:00+00:00
U111,P08,click,2026-01-15T01:32:00+00:00
U111,P03,click,2026-01-15T12:27:00+00:00
U111,P07,click,2026-01-15T23:58:00+00:00
U111,P01,click,2026-01-16T05:52:00+00:00
U112,P35,click,2026-01-28T07:08:00+00:00
U112,P17,click,2026-01-28T10:52:00+00:00
U112,P38,click,2026-01-28T15:47:00+00:00
U112,P36,click,2026-01-29T01:30:00+00:00
U112,P09,click,2026-01-29T10:31:00+00:00
U112,P33,click,2026-01-29T16:45:00+00:00
U112,P25,click,2026-01-29T20:00:00+00:00
U112,P34,click,2026-01-29T22:43:00+00:00
U112,P39,purchase,2026-01-30T15:40:00+00:00
U113,P22,click,2026-01-09T03:45:00+00:00
U113,P05,click,2026-01-10T03:17:00+00:00
U113,P24,click,2026-01-10T12:57:00+00:00
U113,P23,click,2026-01-11T02:26:00+00:00
U113,P20,purchase,2026-01-11T06:01:00+00:00
U113,P19,purchase,2026-01-12T02:01:00+00:00
U113,P21,click,2026-01-12T22:09:00+00:00
U113,P18,click,2026-01-13T08:52:00+00:00
U113,P17,purchase,2026-01-13T14:36:00+00:00
U114,P15,purchase,2026-01-15T02:13:00+00:00
U114,P21,click,2026-01-15T13:07:00+00:00
U114,P33,click,2026-01-16T01:00:00+00:00
U114,P10,click,2026-01-16T14:44:00+00:00
U114,P19,click,2026-01-16T17:32:00+00:00
U114,P13,click,2026-01-17T12:36:00+00:00
U114,P36,click,2026-01-17T23:22:00+00:00
U114,P14,click,2026-01-18T16:18:00+00:00
U114,P09,click,2026-01-19T13:17:00+00:00
U114,P05,click,2026-01-19T14:58:00+00:00
U114,P12,click,2026-01-20T04:28:00+00:00
U114,P16,click,2026-01-20T14:44:00+00:00
U114,P11,click,2026-01-21T14:35:00+00:00
U115,P29,purchase,2026-01-18T02:25:00+00:00
U115,P25,purchase,2026-01-18T17:56:00+00:00
U115,P14,click,2026-01-19T15:11:00+00:00
U115,P08,click,2026-01-20T08:47:00+00:00
U115,P13,click,2026-01-20T15:47:00+00:00
U115,P07,purchase,2026-01-21T05:31:00+00:00
U115,P21,click,2026-01-21T12:00:00+00:00
U115,P31,click,2026-01-21T14:25:00+00:00
U115,P30,click,2026-01-21T23:59:00+00:00
U115,P04,click,2026-01-22T14:30:00+00:00
U115,P32,click,2026-01-22T20:11:00+00:00
U115,P27,click,2026-01-23T19:41:00+00:00
U115,P38,click,2026-01-24T06:15:00+00:00
U115,P23,click,2026-01-25T02:02:00+00:00
U115,P28,click,2026-01-26T00:14:00+00:00
U115,P26,click,2026-01-26T03:48:00+00:00
U116,P13,purchase,2026-01-05T13:20:00+00:00
U116,P16,purchase,2026-01-06T06:35:00+00:00
U116,P15,purchase,2026-01-07T06:34:00+00:00
U116,P09,click,2026-01-08T03:53:00+00:00
U116,P11,click,2026-01-08T20:14:00+00:00
U116,P12,click,2026-01-09T06:44:00+00:00
U116,P10,click,2026-01-10T06:17:00+00:00
U117,P05,click,2026-01-26T04:55:00+00:00
U117,P38,purchase,2026-01-27T03:38:00+00:00
U117,P11,click,2026-01-27T20:19:00+00:00
U117,P01,click,2026-01-28T05:03:00+00:00
U117,P31,click,2026-01-28T17:34:00+00:00
U117,P10,purchase,2026-01-29T09:18:00+00:00
U117,P16,purchase,2026-01-29T09:50:00+00:00
U117,P09,purchase,2026-01-29T21:57:00+00:00
U118,P35,click,2026-01-20T19:15:00+00:00
U118,P22,click,2026-01-20T22:40:00+00:00
U118,P13,click,2026-01-21T07:40:00+00:00
U118,P10,click,2026-01-21T18:03:00+00:00
U118,P21,click,2026-01-22T14:30:00+00:00
U118,P39,click,2026-01-23T01:11:00+00:00
U118,P19,click,2026-01-23T07:10:00+00:00
U118,P33,click,2026-01-24T02:29:00+00:00
U118,P17,purchase,2026-01-24T17:26:00+00:00
U118,P18,click,2026-01-25T16:41:00+00:00
U118,P24,purchase,2026-01-26T03:46:00+00:00
U118,P20,click,2026-01-26T23:35:00+00:00
U118,P23,click,2026-01-27T04:25:00+00:00
U118,P08,click,2026-01-28T03:49:00+00:00
U119,P06,click,2026-01-01T05:20:00+00:00
U119,P08,click,2026-01-02T02:01:00+00:00
U119,P12,click,2026-01-02T06:13:00+00:00
U119,P16,click,2026-01-03T00:02:00+00:00
U119,P14,click,2026-01-03T03:25:00+00:00
U119,P13,click,2026-01-03T11:56:00+00:00
U119,P11,click,2026-01-03T18:59:00+00:00
U119,P07,click,2026-01-03T22:36:00+00:00
U119,P09,click,2026-01-04T14:51:00+00:00
U119,P15,purchase,2026-01-04T15:46:00+00:00
U119,P32,click,2026-01-05T09:06:00+00:00
U119,P34,click,2026-01-06T00:19:00+00:00
U120,P31,click,2026-01-24T10:35:00+00:00
U120,P29,purchase,2026-01-24T16:37:00+00:00
U120,P28,purchase,2026-01-25T15:05:00+00:00
U120,P32,click,2026-01-25T20:20:00+00:00
U120,P26,click,2026-01-26T08:25:00+00:00
U120,P05,click,2026-01-27T06:53:00+00:00
U120,P27,click,2026-01-28T02:11:00+00:00
U120,P04,click,2026-01-28T13:50:00+00:00
U120,P30,click,2026-01-29T05:36:00+00:00
U120,P03,purchase,2026-01-29T10:27:00+00:00
U121,P05,click,2026-01-02T08:20:00+00:00
U121,P29,click,2026-01-02T18:18:00+00:00
U121,P25,click,2026-01-03T02:57:00+00:00
U121,P11,click,2026-01-03T16:21:00+00:00
U121,P24,click,2026-01-04T04:38:00+00:00
U121,P34,click,2026-01-04T07:02:00+00:00
U121,P23,purchase,2026-01-04T12:30:00+00:00
U121,P18,purchase,2026-01-04T22:24:00+00:00
U121,P22,click,2026-01-05T01:02:00+00:00
U121,P20,click,2026-01-05T19:21:00+00:00
U121,P19,click,2026-01-06T15:04:00+00:00
U121,P37,click,2026-01-06T23:23:00+00:00
U121,P16,click,2026-01-07T17:08:00+00:00
U121,P31,click,2026-01-08T14:04:00+00:00
U121,P21,purchase,2026-01-09T07:13:00+00:00
U121,P17,click,2026-01-09T17:57:00+00:00
U122,P03,click,2026-01-15T07:14:00+00:00
U122,P37,click,2026-01-16T02:08:00+00:00
U122,P26,click,2026-01-16T12:12:00+00:00
U122,P31,click,2026-01-17T10:35:00+00:00
U122,P25,purchase,2026-01-17T19:00:00+00:00
U122,P32,click,2026-01-18T13:03:00+00:00
U122,P09,click,2026-01-18T22:15:00+00:00
U122,P30,click,2026-01-19T09:13:00+00:00
U122,P28,purchase,2026-01-20T09:07:00+00:00
U122,P01,click,2026-01-21T03:40:00+00:00
U122,P27,click,2026-01-21T20:56:00+00:00
U122,P17,click,2026-01-22T00:34:00+00:00
U122,P36,click,2026-01-22T02:29:00+00:00
U122,P18,click,2026-01-22T14:23:00+00:00
U123,P31,click,2026-01-04T13:04:00+00:00
U123,P27,purchase,2026-01-04T19:17:00+00:00
U123,P28,click,2026-01-05T04:10:00+00:00
U123,P38,click,2026-01-05T13:40:00+00:00
U123,P25,click,2026-01-05T22:36:00+00:00
U123,P04,click,2026-01-06T15:34:00+00:00
U123,P22,click,2026-01-06T19:59:00+00:00
U123,P32,click,2026-01-07T03:49:00+00:00
U123,P35,click,2026-01-08T01:24:00+00:00
U123,P29,click,2026-01-08T07:26:00+00:00
U123,P19,click,2026-01-08T12:31:00+00:00
U123,P39,purchase,2026-01-09T09:41:00+00:00
U123,P12,click,2026-01-10T08:09:00+00:00
U123,P30,click,2026-01-10T09:55:00+00:00
U123,P26,purchase,2026-01-10T17:56:00+00:00
U124,P06,click,2026-01-08T16:09:00+00:00
U124,P05,purchase,2026-01-08T17:06:00+00:00
U124,P07,purchase,2026-01-08T20:48:00+00:00
U124,P17,click,2026-01-09T17:40:00+00:00
U124,P04,purchase,2026-01-10T00:58:00+00:00
U124,P08,click,2026-01-10T11:44:00+00:00
U124,P24,click,2026-01-11T05:15:00+00:00
U124,P02,click,2026-01-11T22:40:00+00:00
U125,P33,click,2026-01-12T06:28:00+00:00
U125,P37,click,2026-01-12T10:49:00+00:00
U125,P39,click,2026-01-13T05:15:00+00:00
U125,P38,click,2026-01-13T13:41:00+00:00
U125,P36,click,2026-01-14T03:40:00+00:00
U125,P27,click,2026-01-15T02:45:00+00:00
U125,P15,click,2026-01-15T22:47:00+00:00
U125,P34,click,2026-01-16T21:35:00+00:00
U125,P40,click,2026-01-17T02:22:00+00:00
U126,P09,click,2026-01-21T05:50:00+00:00
U126,P40,click,2026-01-21T22:12:00+00:00
U126,P08,click,2026-01-22T22:10:00+00:00
U126,P01,click,2026-01-23T02:50:00+00:00
U126,P36,click,2026-01-23T09:10:00+00:00
U126,P33,click,2026-01-24T05:22:00+00:00
U126,P39,click,2026-01-24T22:50:00+00:00
U126,P34,purchase,2026-01-25T01:46:00+00:00
U126,P35,click,2026-01-25T07:02:00+00:00
U126,P22,click,2026-01-25T07:22:00+00:00
U127,P21,click,2026-01-23T19:05:00+00:00
U127,P35,click,2026-01-24T17:35:00+00:00
U127,P08,click,2026-01-24T23:48:00+00:00
U127,P37,click,2026-01-25T10:07:00+00:00
U127,P01,click,2026-01-25T18:06:00+00:00
U127,P06,click,2026-01-26T04:09:00+00:00
U127,P32,click,2026-01-27T03:02:00+00:00
U127,P19,click,2026-01-27T19:40:00+00:00
U127,P36,click,2026-01-28T12:28:00+00:00
U127,P39,click,2026-01-29T10:03:00+00:00
U127,P14,purchase,2026-01-29T23:31:00+00:00
U127,P38,click,2026-01-30T20:00:00+00:00
U127,P34,click,2026-01-31T08:16:00+00:00
U127,P07,click,2026-02-01T02:53:00+00:00
U127,P40,click,2026-02-01T19:23:00+00:00
U127,P33,click,2026-02-02T05:33:00+00:00
U128,P05,click,2026-01-30T21:06:00+00:00
U128,P39,click,2026-01-31T14:53:00+00:00
U128,P03,click,2026-01-31T22:09:00+00:00
U128,P40,click,2026-02-01T10:35:00+00:00
U128,P29,click,2026-02-02T04:56:00+00:00
U128,P32,click,2026-02-02T11:47:00+00:00
U128,P07,purchase,2026-02-02T17:13:00+00:00
U128,P30,click,2026-02-03T11:35:00+00:00
U128,P21,click,2026-02-04T01:10:00+00:00
U128,P08,click,2026-02-04T09:04:00+00:00
U128,P01,click,2026-02-04T19:03:00+00:00
U128,P02,click,2026-02-05T00:38:00+00:00
U129,P05,click,2026-01-18T13:20:00+00:00
U129,P27,purchase,2026-01-19T04:04:00+00:00
U129,P35,click,2026-01-19T07:19:00+00:00
U129,P28,click,2026-01-19T14:59:00+00:00
U129,P17,click,2026-01-20T04:56:00+00:00
U129,P21,click,2026-01-21T00:09:00+00:00
U129,P23,click,2026-01-21T09:44:00+00:00
U129,P18,click,2026-01-22T02:18:00+00:00
U129,P20,click,2026-01-22T12:05:00+00:00
U130,P39,click,2026-01-23T18:46:00+00:00
U130,P06,click,2026-01-24T16:13:00+00:00
U130,P37,click,2026-01-25T10:12:00+00:00
U130,P18,click,2026-01-26T02:54:00+00:00
U130,P38,click,2026-01-26T07:45:00+00:00
U130,P28,click,2026-01-27T02:30:00+00:00
U130,P36,purchase,2026-01-27T16:51:00+00:00
U130,P35,click,2026-01-28T06:33:00+00:00
U130,P32,click,2026-01-28T06:56:00+00:00
U130,P40,click,2026-01-28T17:08:00+00:00
U130,P33,click,2026-01-28T21:13:00+00:00
U130,P34,purchase,2026-01-29T12:09:00+00:00
U131,P21,click,2026-01-13T06:24:00+00:00
U131,P19,purchase,2026-01-13T06:55:00+00:00
U131,P17,click,2026-01-14T03:42:00+00:00
U131,P36,click,2026-01-14T13:06:00+00:00
U131,P20,click,2026-01-14T14:19:00+00:00
U131,P09,click,2026-01-15T12:29:00+00:00
U131,P06,click,2026-01-15T21:57:00+00:00
U131,P28,click,2026-01-16T19:56:00+00:00
U131,P23,click,2026-01-17T12:21:00+00:00
U131,P13,click,2026-01-18T02:01:00+00:00
U131,P18,click,2026-01-18T03:35:00+00:00
U131,P24,click,2026-01-19T03:24:00+00:00
U131,P22,click,2026-01-19T12:07:00+00:00
U131,P40,click,2026-01-19T21:33:00+00:00
U131,P14,click,2026-01-20T18:58:00+00:00
U131,P31,purchase,2026-01-20T21:00:00+00:00
U132,P11,purchase,2026-01-12T00:59:00+00:00
U132,P35,click,2026-01-12T15:58:00+00:00
U132,P36,click,2026-01-12T19:07:00+00:00
U132,P31,click,2026-01-13T03:33:00+00:00
U132,P04,click,2026-01-13T08:53:00+00:00
U132,P09,click,2026-01-14T08:20:00+00:00
U132,P40,click,2026-01-15T03:22:00+00:00
U132,P16,click,2026-01-15T16:13:00+00:00
U132,P39,click,2026-01-15T16:28:00+00:00
U132,P25,click,2026-01-16T08:50:00+00:00
U132,P34,purchase,2026-01-16T14:21:00+00:00
U132,P38,click,2026-01-17T02:11:00+00:00
U132,P06,click,2026-01-17T05:40:00+00:00
U132,P18,click,2026-01-17T21:49:00+00:00
U132,P37,purchase,2026-01-18T16:40:00+00:00
U132,P33,click,2026-01-19T16:11:00+00:00
U132,P01,click,2026-01-20T05:43:00+00:00
U133,P13,click,2026-01-20T20:44:00+00:00
U133,P15,purchase,2026-01-21T12:40:00+00:00
U133,P05,click,2026-01-21T22:21:00+00:00
U133,P14,click,2026-01-21T23:47:00+00:00
U133,P28,click,2026-01-22T04:00:00+00:00
U133,P12,click,2026-01-22T20:47:00+00:00
U133,P16,click,2026-01-23T12:34:00+00:00
U133,P08,click,2026-01-24T01:10:00+00:00
U133,P29,click,2026-01-24T02:57:00+00:00
U133,P22,click,2026-01-24T23:29:00+00:00
U133,P09,click,2026-01-25T22:59:00+00:00
U133,P38,purchase,2026-01-26T11:40:00+00:00
U133,P11,click,2026-01-26T20:21:00+00:00
U133,P01,click,2026-01-27T10:57:00+00:00
U133,P07,click,2026-01-27T22:33:00+00:00
U133,P10,click,2026-01-28T21:40:00+00:00
U134,P23,click,2026-01-08T13:09:00+00:00
U134,P40,click,2026-01-09T11:00:00+00:00
U134,P24,click,2026-01-09T14:32:00+00:00
U134,P18,click,2026-01-10T03:39:00+00:00
U134,P34,click,2026-01-10T21:13:00+00:00
U134,P19,click,2026-01-10T23:59:00+00:00
U135,P22,purchase,2026-01-12T06:19:00+00:00
U135,P24,purchase,2026-01-12T22:08:00+00:00
U135,P26,click,2026-01-13T15:17:00+00:00
U135,P25,click,2026-01-14T13:15:00+00:00
U135,P01,click,2026-01-14T17:07:00+00:00
U135,P09,click,2026-01-15T13:49:00+00:00
U135,P19,click,2026-01-16T01:12:00+00:00
U135,P23,purchase,2026-01-16T06:43:00+00:00
U135,P17,click,2026-01-16T15:09:00+00:00
U135,P21,click,2026-01-17T07:00:00+00:00
U135,P06,click,2026-01-17T09:28:00+00:00
U135,P27,click,2026-01-17T09:47:00+00:00
U135,P18,click,2026-01-17T10:58:00+00:00
U135,P39,click,2026-01-18T10:19:00+00:00
U135,P11,click,2026-01-19T09:30:00+00:00
U135,P20,click,2026-01-19T23:27:00+00:00
U135,P12,click,2026-01-20T17:16:00+00:00
U136,P38,click,2026-01-31T05:01:00+00:00
U136,P27,click,2026-01-31T07:37:00+00:00
U136,P17,click,2026-01-31T23:20:00+00:00
U136,P04,click,2026-02-01T16:11:00+00:00
U136,P30,purchase,2026-02-02T00:37:00+00:00
U136,P32,click,2026-02-02T09:34:00+00:00
U136,P25,click,2026-02-02T21:20:00+00:00
U137,P37,click,2026-01-04T04:27:00+00:00
U137,P34,click,2026-01-04T23:52:00+00:00
U137,P19,purchase,2026-01-05T17:47:00+00:00
U137,P23,click,2026-01-06T02:19:00+00:00
U137,P20,click,2026-01-06T10:45:00+00:00
U137,P22,click,2026-01-06T19:34:00+00:00
U137,P18,click,2026-01-07T01:53:00+00:00
U137,P38,click,2026-01-08T01:30:00+00:00
U137,P17,click,2026-01-08T23:47:00+00:00
U137,P24,click,2026-01-09T08:13:00+00:00
U137,P21,click,2026-01-09T16:05:00+00:00
U138,P14,click,2026-01-15T09:57:00+00:00
U138,P28,click,2026-01-15T22:06:00+00:00
U138,P31,click,2026-01-16T08:56:00+00:00
U138,P40,click,2026-01-17T00:22:00+00:00
U138,P25,click,2026-01-17T10:57:00+00:00
U138,P32,click,2026-01-18T01:33:00+00:00
U138,P09,click,2026-01-18T20:51:00+00:00
U138,P29,click,2026-01-19T10:21:00+00:00
U138,P17,click,2026-01-20T00:40:00+00:00
U138,P27,purchase,2026-01-20T00:56:00+00:00
U138,P20,click,2026-01-20T14:48:00+00:00
U138,P30,click,2026-01-20T16:46:00+00:00
U138,P12,click,2026-01-21T06:48:00+00:00
U138,P26,click,2026-01-21T18:57:00+00:00
U139,P12,purchase,2026-01-08T20:31:00+00:00
U139,P07,click,2026-01-09T07:52:00+00:00
U139,P14,click,2026-01-09T10:26:00+00:00
U139,P15,click,2026-01-09T16:43:00+00:00
U139,P21,click,2026-01-10T14:54:00+00:00
U139,P24,purchase,2026-01-11T10:37:00+00:00
U139,P09,click,2026-01-11T22:17:00+00:00
U139,P34,click,2026-01-12T13:51:00+00:00
U139,P32,click,2026-01-13T07:56:00+00:00
U139,P17,click,2026-01-14T07:39:00+00:00
U139,P13,click,2026-01-14T22:29:00+00:00
U139,P10,click,2026-01-14T23:17:00+00:00
U139,P19,click,2026-01-15T13:04:00+00:00
U139,P11,click,2026-01-16T08:46:00+00:00
U139,P02,click,2026-01-16T18:52:00+00:00
U139,P16,click,2026-01-16T19:10:00+00:00
U139,P40,click,2026-01-17T16:32:00+00:00
U139,P37,click,2026-01-18T05:55:00+00:00
U140,P02,click,2026-01-20T04:01:00+00:00
U140,P03,click,2026-01-20T11:16:00+00:00
U140,P01,click,2026-01-20T14:26:00+00:00
U140,P08,click,2026-01-21T07:49:00+00:00
U140,P05,purchase,2026-01-21T20:10:00+00:00
U140,P07,click,2026-01-22T12:33:00+00:00
U140,P04,click,2026-01-22T21:20:00+00:00
U140,P27,purchase,2026-01-23T14:46:00+00:00
U140,P06,click,2026-01-23T18:40:00+00:00
U140,P32,click,2026-01-24T10:20:00+00:00
U140,P25,purchase,2026-01-24T10:58:00+00:00
U140,P29,purchase,2026-01-24T11:17:00+00:00
U141,P05,click,2026-01-19T14:56:00+00:00
U141,P31,click,2026-01-20T09:25:00+00:00
U141,P27,purchase,2026-01-20T22:22:00+00:00
U141,P11,purchase,2026-01-21T18:52:00+00:00
U141,P25,click,2026-01-22T12:52:00+00:00
U141,P28,click,2026-01-22T18:44:00+00:00
U141,P20,click,2026-01-23T00:12:00+00:00
U141,P30,click,2026-01-23T03:42:00+00:00
U141,P07,click,2026-01-23T04:17:00+00:00
U141,P03,click,2026-01-23T16:16:00+00:00
U141,P12,click,2026-01-23T23:57:00+00:00
U141,P29,click,2026-01-24T03:10:00+00:00
U142,P29,purchase,2026-01-14T17:24:00+00:00
U142,P37,click,2026-01-14T21:04:00+00:00
U142,P01,click,2026-01-15T05:40:00+00:00
U142,P07,click,2026-01-15T13:28:00+00:00
U142,P30,click,2026-01-15T22:06:00+00:00
U142,P27,click,2026-01-16T04:29:00+00:00
U142,P35,click,2026-01-17T03:04:00+00:00
U143,P18,click,2026-01-25T18:47:00+00:00
U143,P33,click,2026-01-26T13:16:00+00:00
U143,P01,click,2026-01-26T21:12:00+00:00
U143,P23,click,2026-01-27T20:57:00+00:00
U143,P09,click,2026-01-28T15:09:00+00:00
U143,P24,click,2026-01-28T20:55:00+00:00
U143,P20,purchase,2026-01-29T09:46:00+00:00
U143,P30,click,2026-01-29T15:16:00+00:00
U143,P21,click,2026-01-29T18:46:00+00:00
U143,P08,click,2026-01-30T18:04:00+00:00
U143,P17,click,2026-01-30T23:48:00+00:00
U143,P04,click,2026-01-31T21:33:00+00:00
U143,P22,click,2026-02-01T19:17:00+00:00
U144,P12,click,2026-01-21T06:50:00+00:00
U144,P18,click,2026-01-21T08:51:00+00:00
U144,P08,click,2026-01-22T06:42:00+00:00
U144,P38,purchase,2026-01-22T10:22:00+00:00
U144,P03,click,2026-01-22T20:00:00+00:00
U144,P34,click,2026-01-23T05:29:00+00:00
U144,P40,click,2026-01-23T14:09:00+00:00
U144,P33,click,2026-01-24T12:05:00+00:00
U144,P39,click,2026-01-25T05:30:00+00:00
U144,P35,click,2026-01-25T16:48:00+00:00
U144,P10,purchase,2026-01-26T07:12:00+00:00
U144,P19,click,2026-01-27T06:02:00+00:00
U144,P36,click,2026-01-27T14:41:00+00:00
U144,P37,purchase,2026-01-28T02:56:00+00:00
U145,P39,click,2026-01-05T21:58:00+00:00
U145,P16,click,2026-01-06T12:07:00+00:00
U145,P40,click,2026-01-06T13:10:00+00:00
U145,P33,click,2026-01-07T04:50:00+00:00
U145,P01,click,2026-01-07T13:34:00+00:00
U145,P25,click,2026-01-08T01:53:00+00:00
U145,P02,click,2026-01-09T01:16:00+00:00
U145,P04,click,2026-01-09T13:05:00+00:00
U145,P07,click,2026-01-10T01:11:00+00:00
U146,P38,click,2026-01-24T11:15:00+00:00
U146,P09,click,2026-01-25T02:13:00+00:00
U146,P10,click,2026-01-25T04:30:00+00:00
U146,P14,click,2026-01-25T10:25:00+00:00
U146,P16,click,2026-01-25T11:15:00+00:00
U146,P22,click,2026-01-26T06:26:00+00:00
U146,P36,click,2026-01-26T21:49:00+00:00
U146,P15,purchase,2026-01-27T16:58:00+00:00
U146,P13,click,2026-01-28T15:14:00+00:00
U146,P32,click,2026-01-28T17:16:00+00:00
U146,P12,click,2026-01-29T05:12:00+00:00
U146,P23,click,2026-01-29T21:33:00+00:00
U146,P24,click,2026-01-30T02:40:00+00:00
U146,P26,click,2026-01-30T04:55:00+00:00
U146,P11,purchase,2026-01-31T04:16:00+00:00
U146,P21,purchase,2026-01-31T16:26:00+00:00
U146,P31,click,2026-01-31T18:44:00+00:00
U146,P17,click,2026-02-01T04:14:00+00:00
U147,P37,click,2026-01-10T15:38:00+00:00
U147,P39,purchase,2026-01-10T21:00:00+00:00
U147,P33,click,2026-01-11T18:00:00+00:00
U147,P34,click,2026-01-12T05:35:00+00:00
U147,P12,click,2026-01-12T21:11:00+00:00
U147,P06,click,2026-01-13T19:44:00+00:00
U147,P35,click,2026-01-14T14:31:00+00:00
U147,P04,click,2026-01-15T03:52:00+00:00
U147,P36,click,2026-01-15T19:14:00+00:00
U147,P32,click,2026-01-15T23:17:00+00:00
U147,P38,click,2026-01-16T22:11:00+00:00
U147,P09,click,2026-01-17T17:11:00+00:00
U147,P02,click,2026-01-17T19:30:00+00:00
U147,P07,click,2026-01-18T07:07:00+00:00
U147,P25,click,2026-01-18T15:36:00+00:00
U147,P40,click,2026-01-19T04:09:00+00:00
U147,P13,click,2026-01-19T09:03:00+00:00
U148,P13,click,2026-01-03T14:30:00+00:00
U148,P15,purchase,2026-01-03T21:36:00+00:00
U148,P25,click,2026-01-04T21:12:00+00:00
U148,P10,click,2026-01-05T01:15:00+00:00
U148,P35,purchase,2026-01-05T11:14:00+00:00
U148,P28,click,2026-01-05T11:28:00+00:00
U148,P11,click,2026-01-05T19:45:00+00:00
U148,P09,click,2026-01-06T18:20:00+00:00
U148,P12,click,2026-01-07T05:42:00+00:00
U148,P14,click,2026-01-07T11:49:00+00:00
U148,P38,click,2026-01-08T01:12:00+00:00
U148,P04,click,2026-01-08T09:04:00+00:00
U148,P16,click,2026-01-08T21:50:00+00:00
U149,P15,purchase,2026-01-21T19:20:00+00:00
U149,P23,click,2026-01-22T18:43:00+00:00
U149,P32,purchase,2026-01-23T11:32:00+00:00
U149,P12,click,2026-01-24T08:31:00+00:00
U149,P31,purchase,2026-01-24T17:08:00+00:00
U149,P26,purchase,2026-01-25T04:59:00+00:00
U149,P11,click,2026-01-26T02:47:00+00:00
U149,P27,click,2026-01-26T18:23:00+00:00
U149,P10,click,2026-01-27T10:49:00+00:00
U149,P25,click,2026-01-27T16:07:00+00:00
U149,P28,click,2026-01-28T07:42:00+00:00
U149,P30,click,2026-01-29T02:05:00+00:00
U149,P29,click,2026-01-29T14:27:00+00:00
U149,P14,purchase,2026-01-29T22:10:00+00:00
U149,P04,click,2026-01-30T03:10:00+00:00
U150,P21,purchase,2026-01-14T09:50:00+00:00
U150,P22,purchase,2026-01-15T05:08:00+00:00
U150,P23,click,2026-01-15T10:32:00+00:00
U150,P19,click,2026-01-16T08:30:00+00:00
U150,P25,click,2026-01-16T22:18:00+00:00
U150,P20,click,2026-01-17T18:00:00+00:00
U150,P24,click,2026-01-18T00:50:00+00:00
U150,P36,click,2026-01-18T06:03:00+00:00
U151,P19,click,2026-01-14T18:48:00+00:00
U151,P25,click,2026-01-15T03:23:00+00:00
U151,P28,click,2026-01-15T07:20:00+00:00
U151,P32,click,2026-01-16T06:04:00+00:00
U151,P30,purchase,2026-01-16T11:09:00+00:00
U151,P09,click,2026-01-17T02:25:00+00:00
U151,P04,click,2026-01-17T05:48:00+00:00
U151,P11,click,2026-01-17T07:13:00+00:00
U151,P06,purchase,2026-01-17T11:55:00+00:00
U152,P32,click,2026-01-27T03:18:00+00:00
U152,P04,click,2026-01-27T13:42:00+00:00
U152,P17,click,2026-01-28T02:46:00+00:00
U152,P26,click,2026-01-28T09:39:00+00:00
U152,P02,click,2026-01-29T01:46:00+00:00
U152,P13,click,2026-01-29T14:49:00+00:00
U152,P27,click,2026-01-30T04:09:00+00:00
U152,P24,click,2026-01-30T05:27:00+00:00
U152,P28,click,2026-01-31T05:15:00+00:00
U152,P30,click,2026-02-01T04:16:00+00:00
U152,P25,click,2026-02-01T13:34:00+00:00
U152,P05,click,2026-02-02T13:26:00+00:00
U152,P31,click,2026-02-03T02:19:00+00:00
U153,P19,click,2026-01-09T20:01:00+00:00
U153,P40,click,2026-01-10T07:04:00+00:00
U153,P20,click,2026-01-10T14:55:00+00:00
U153,P21,click,2026-01-10T20:32:00+00:00
U153,P32,click,2026-01-11T10:05:00+00:00
U153,P18,purchase,2026-01-12T07:51:00+00:00
U153,P17,click,2026-01-13T04:09:00+00:00
U153,P07,click,2026-01-13T14:21:00+00:00
U153,P33,click,2026-01-14T10:57:00+00:00
U153,P06,click,2026-01-15T01:06:00+00:00
U153,P24,click,2026-01-15T18:28:00+00:00
U153,P22,click,2026-01-16T16:24:00+00:00
U153,P28,click,2026-01-17T02:13:00+00:00
U153,P01,click,2026-01-17T09:44:00+00:00
U154,P25,purchase,2026-01-20T03:13:00+00:00
U154,P29,purchase,2026-01-20T08:03:00+00:00
U154,P34,purchase,2026-01-20T18:56:00+00:00
U154,P17,click,2026-01-21T08:02:00+00:00
U154,P28,click,2026-01-22T05:41:00+00:00
U154,P31,purchase,2026-01-22T10:51:00+00:00
U154,P21,click,2026-01-23T00:34:00+00:00
U154,P30,click,2026-01-23T13:07:00+00:00
U154,P24,click,2026-01-23T13:40:00+00:00
U154,P06,click,2026-01-24T04:34:00+00:00
U154,P26,click,2026-01-25T03:14:00+00:00
U155,P12,purchase,2026-01-28T10:53:00+00:00
U155,P15,click,2026-01-29T05:02:00+00:00
U155,P23,click,2026-01-29T14:44:00+00:00
U155,P18,click,2026-01-30T02:27:00+00:00
U155,P14,click,2026-01-30T15:16:00+00:00
U155,P11,click,2026-01-31T14:51:00+00:00
U155,P21,purchase,2026-01-31T19:18:00+00:00
U155,P13,click,2026-02-01T07:59:00+00:00
U155,P16,click,2026-02-02T03:21:00+00:00
U156,P25,click,2026-01-21T06:00:00+00:00
U156,P29,purchase,2026-01-21T06:27:00+00:00
U156,P26,click,2026-01-21T16:42:00+00:00
U156,P31,click,2026-01-22T01:41:00+00:00
U156,P37,click,2026-01-22T08:44:00+00:00
U156,P28,click,2026-01-22T13:44:00+00:00
U156,P32,click,2026-01-22T23:55:00+00:00
U156,P36,click,2026-01-23T00:51:00+00:00
U156,P30,click,2026-01-23T01:55:00+00:00
U156,P39,click,2026-01-24T00:14:00+00:00
U156,P27,click,2026-01-24T22:17:00+00:00
U157,P27,click,2026-01-16T11:51:00+00:00
U157,P37,click,2026-01-17T04:59:00+00:00
U157,P32,purchase,2026-01-17T18:19:00+00:00
U157,P38,click,2026-01-18T05:34:00+00:00
U157,P34,click,2026-01-18T21:16:00+00:00
U157,P09,click,2026-01-19T10:41:00+00:00
U157,P40,purchase,2026-01-20T07:18:00+00:00
U157,P39,purchase,2026-01-20T13:01:00+00:00
U157,P30,click,2026-01-21T05:52:00+00:00
U157,P28,click,2026-01-21T22:20:00+00:00
U157,P29,click,2026-01-22T17:33:00+00:00
U157,P26,click,2026-01-23T14:00:00+00:00
U157,P10,click,2026-01-23T23:49:00+00:00
U157,P04,click,2026-01-24T22:40:00+00:00
U157,P31,click,2026-01-25T07:13:00+00:00
U157,P36,purchase,2026-01-25T09:57:00+00:00
U157,P25,click,2026-01-26T07:04:00+00:00
U157,P16,click,2026-01-26T10:48:00+00:00
U158,P01,click,2026-01-19T18:34:00+00:00
U158,P19,click,2026-01-20T14:27:00+00:00
U158,P04,click,2026-01-21T04:14:00+00:00
U158,P20,click,2026-01-21T17:01:00+00:00
U158,P14,click,2026-01-22T09:03:00+00:00
U158,P24,click,2026-01-22T20:59:00+00:00
U158,P13,click,2026-01-23T07:02:00+00:00
U158,P07,purchase,2026-01-23T12:09:00+00:00
U158,P15,click,2026-01-24T11:11:00+00:00
U158,P11,click,2026-01-25T04:08:00+00:00
U158,P05,click,2026-01-26T03:16:00+00:00
U158,P28,click,2026-01-26T21:51:00+00:00
U158,P31,click,2026-01-27T11:51:00+00:00
U158,P08,click,2026-01-28T00:13:00+00:00
U158,P03,purchase,2026-01-28T15:02:00+00:00
U159,P06,click,2026-01-11T19:03:00+00:00
U159,P03,click,2026-01-12T07:07:00+00:00
U159,P01,click,2026-01-12T21:07:00+00:00
U159,P14,click,2026-01-13T20:40:00+00:00
U159,P07,click,2026-01-14T00:22:00+00:00
U159,P37,click,2026-01-14T08:09:00+00:00
U159,P22,click,2026-01-15T06:05:00+00:00
U159,P35,click,2026-01-16T04:08:00+00:00
U160,P25,click,2026-01-18T05:09:00+00:00
U160,P33,click,2026-01-18T18:39:00+00:00
U160,P28,click,2026-01-19T04:19:00+00:00
U160,P09,click,2026-01-19T20:15:00+00:00
U160,P05,click,2026-01-20T18:31:00+00:00
U160,P15,purchase,2026-01-21T06:15:00+00:00
U160,P14,purchase,2026-01-21T16:41:00+00:00
U160,P17,click,2026-01-22T11:02:00+00:00
U160,P26,click,2026-01-23T07:46:00+00:00
U160,P29,click,2026-01-23T19:00:00+00:00
U160,P20,click,2026-01-24T05:36:00+00:00
U160,P11,click,2026-01-24T21:43:00+00:00
U160,P32,click,2026-01-25T15:15:00+00:00
U160,P31,purchase,2026-01-26T07:58:00+00:00
U160,P27,click,2026-01-26T21:13:00+00:00
U160,P10,click,2026-01-27T20:47:00+00:00
U160,P30,click,2026-01-28T16:59:00+00:00
U161,P28,click,2026-01-05T16:59:00+00:00
U161,P30,click,2026-01-06T06:56:00+00:00
U161,P09,click,2026-01-06T14:33:00+00:00
U161,P33,click,2026-01-06T22:53:00+00:00
U161,P11,click,2026-01-07T14:39:00+00:00
U161,P16,click,2026-01-08T11:32:00+00:00
U161,P36,click,2026-01-08T17:16:00+00:00
U161,P40,click,2026-01-08T23:16:00+00:00
U161,P34,click,2026-01-09T06:52:00+00:00
U161,P35,click,2026-01-09T16:29:00+00:00
U161,P26,purchase,2026-01-09T20:13:00+00:00
U161,P39,click,2026-01-09T20:24:00+00:00
U161,P37,click,2026-01-10T04:38:00+00:00
U161,P38,click,2026-01-11T03:37:00+00:00
U161,P23,click,2026-01-11T14:13:00+00:00
U162,P10,click,2026-01-04T14:12:00+00:00
U162,P39,click,2026-01-04T18:55:00+00:00
U162,P28,click,2026-01-04T19:01:00+00:00
U162,P13,click,2026-01-05T04:54:00+00:00
U162,P26,click,2026-01-05T20:42:00+00:00
U162,P29,purchase,2026-01-06T14:50:00+00:00
U162,P16,click,2026-01-07T07:38:00+00:00
U162,P27,click,2026-01-08T06:50:00+00:00
U162,P11,click,2026-01-08T20:23:00+00:00
U162,P31,purchase,2026-01-09T15:15:00+00:00
U162,P25,click,2026-01-10T09:48:00+00:00
U162,P14,click,2026-01-10T23:40:00+00:00
U162,P32,click,2026-01-11T17:40:00+00:00
U162,P30,click,2026-01-12T09:40:00+00:00
U162,P33,click,2026-01-13T07:50:00+00:00
U163,P16,click,2026-01-11T02:03:00+00:00
U163,P33,click,2026-01-11T03:38:00+00:00
U163,P03,click,2026-01-11T14:03:00+00:00
U163,P37,purchase,2026-01-11T14:32:00+00:00
U163,P39,click,2026-01-11T19:09:00+00:00
U163,P40,purchase,2026-01-12T01:52:00+00:00
U163,P10,click,2026-01-12T16:13:00+00:00
U163,P36,click,2026-01-13T11:43:00+00:00
U163,P34,click,2026-01-13T18:24:00+00:00
U163,P25,click,2026-01-14T08:44:00+00:00
U163,P35,click,2026-01-14T13:59:00+00:00
U163,P28,click,2026-01-15T04:38:00+00:00
U163,P07,click,2026-01-15T23:23:00+00:00
U163,P38,click,2026-01-16T18:51:00+00:00
U163,P14,click,2026-01-17T03:38:00+00:00
U164,P14,click,2026-01-11T07:43:00+00:00
U164,P15,purchase,2026-01-11T23:38:00+00:00
U164,P13,click,2026-01-12T04:56:00+00:00
U164,P04,click,2026-01-12T08:22:00+00:00
U164,P17,click,2026-01-13T08:15:00+00:00
U164,P32,click,2026-01-14T02:50:00+00:00
U164,P09,click,2026-01-14T20:10:00+00:00
U164,P31,click,2026-01-15T08:38:00+00:00
U165,P26,click,2026-01-03T16:12:00+00:00
U165,P22,click,2026-01-03T16:17:00+00:00
U165,P31,click,2026-01-03T22:55:00+00:00
U165,P27,click,2026-01-04T04:48:00+00:00
U165,P10,click,2026-01-04T18:13:00+00:00
U165,P30,click,2026-01-05T11:02:00+00:00
U165,P07,click,2026-01-05T14:47:00+00:00
U165,P29,purchase,2026-01-05T23:59:00+00:00
U165,P32,click,2026-01-06T20:19:00+00:00
U165,P01,click,2026-01-07T06:20:00+00:00
U165,P28,click,2026-01-08T03:25:00+00:00
U165,P24,click,2026-01-08T21:27:00+00:00
U166,P36,click,2026-01-16T19:15:00+00:00
U166,P20,click,2026-01-16T21:00:00+00:00
U166,P06,click,2026-01-16T22:09:00+00:00
U166,P02,click,2026-01-17T06:50:00+00:00
U166,P05,purchase,2026-01-17T20:12:00+00:00
U166,P08,click,2026-01-18T02:39:00+00:00
U166,P07,click,2026-01-18T19:43:00+00:00
U166,P03,purchase,2026-01-19T11:37:00+00:00
U166,P11,click,2026-01-20T10:10:00+00:00
U166,P23,click,2026-01-20T23:49:00+00:00
U167,P13,click,2026-01-20T09:06:00+00:00
U167,P22,click,2026-01-21T06:35:00+00:00
U167,P37,click,2026-01-21T08:48:00+00:00
U167,P19,click,2026-01-22T01:04:00+00:00
U167,P23,click,2026-01-22T15:23:00+00:00
U167,P24,click,2026-01-23T07:17:00+00:00
U167,P38,click,2026-01-24T04:08:00+00:00
U167,P17,click,2026-01-24T23:44:00+00:00
U167,P21,click,2026-01-25T07:41:00+00:00
U167,P20,purchase,2026-01-25T18:31:00+00:00
U167,P28,click,2026-01-26T14:46:00+00:00
U168,P16,click,2026-01-22T20:55:00+00:00
U168,P09,click,2026-01-23T00:23:00+00:00
U168,P13,click,2026-01-23T04:53:00+00:00
U168,P27,purchase,2026-01-23T13:46:00+00:00
U168,P20,click,2026-01-23T19:37:00+00:00
U168,P25,click,2026-01-24T18:08:00+00:00
U168,P03,click,2026-01-25T04:11:00+00:00
U168,P29,click,2026-01-26T03:11:00+00:00
U168,P12,purchase,2026-01-26T12:02:00+00:00
U168,P18,click,2026-01-27T02:18:00+00:00
U169,P01,click,2026-01-23T16:29:00+00:00
U169,P24,click,2026-01-24T04:33:00+00:00
U169,P13,click,2026-01-24T05:39:00+00:00
U169,P16,click,2026-01-24T17:20:00+00:00
U169,P10,purchase,2026-01-25T06:42:00+00:00
U169,P23,click,2026-01-25T21:32:00+00:00
U169,P15,click,2026-01-26T01:09:00+00:00
U169,P40,click,2026-01-26T18:43:00+00:00
U169,P20,click,2026-01-27T08:32:00+00:00
U170,P11,click,2026-01-13T06:10:00+00:00
U170,P06,click,2026-01-14T02:25:00+00:00
U170,P22,click,2026-01-14T21:39:00+00:00
U170,P03,click,2026-01-15T06:11:00+00:00
U170,P16,click,2026-01-15T09:03:00+00:00
U170,P38,click,2026-01-15T20:32:00+00:00
U170,P09,purchase,2026-01-16T02:21:00+00:00
U170,P13,click,2026-01-16T08:45:00+00:00
U170,P24,click,2026-01-17T06:58:00+00:00
U170,P12,click,2026-01-18T02:28:00+00:00
U170,P40,click,2026-01-19T02:28:00+00:00
U170,P37,click,2026-01-19T06:05:00+00:00
U170,P10,click,2026-01-20T03:41:00+00:00
U170,P18,click,2026-01-20T04:20:00+00:00
U170,P15,click,2026-01-20T20:28:00+00:00
U170,P17,click,2026-01-21T04:00:00+00:00
U170,P14,click,2026-01-21T08:24:00+00:00
U170,P21,click,2026-01-21T14:15:00+00:00
U171,P28,click,2026-01-20T07:11:00+00:00
U171,P34,click,2026-01-20T13:47:00+00:00
U171,P37,click,2026-01-20T22:30:00+00:00
U171,P36,click,2026-01-21T22:10:00+00:00
U171,P35,click,2026-01-22T02:37:00+00:00
U171,P39,purchase,2026-01-22T22:22:00+00:00
U172,P10,click,2026-01-03T13:34:00+00:00
U172,P11,purchase,2026-01-04T01:49:00+00:00
U172,P12,purchase,2026-01-04T17:59:00+00:00
U172,P13,click,2026-01-05T02:17:00+00:00
U172,P36,click,2026-01-05T20:32:00+00:00
U172,P28,click,2026-01-06T07:59:00+00:00
U172,P25,click,2026-01-07T00:53:00+00:00
U172,P05,click,2026-01-07T08:44:00+00:00
U172,P08,click,2026-01-07T23:31:00+00:00
U172,P15,click,2026-01-08T18:47:00+00:00
U172,P14,click,2026-01-08T19:25:00+00:00
U172,P01,click,2026-01-09T19:02:00+00:00
U172,P09,click,2026-01-09T21:43:00+00:00
U172,P16,purchase,2026-01-10T01:19:00+00:00
U172,P02,click,2026-01-10T20:41:00+00:00
U173,P36,click,2026-01-27T14:20:00+00:00
U173,P38,click,2026-01-27T14:25:00+00:00
U173,P06,click,2026-01-28T05:04:00+00:00
U173,P10,purchase,2026-01-29T04:55:00+00:00
U173,P12,purchase,2026-01-29T16:54:00+00:00
U173,P09,click,2026-01-30T05:09:00+00:00
U173,P04,purchase,2026-01-30T20:40:00+00:00
U173,P13,purchase,2026-01-31T15:44:00+00:00
U173,P11,click,2026-02-01T15:34:00+00:00
U174,P07,purchase,2026-01-23T00:34:00+00:00
U174,P33,click,2026-01-23T15:38:00+00:00
U174,P11,purchase,2026-01-24T10:06:00+00:00
U174,P15,purchase,2026-01-25T08:17:00+00:00
U174,P04,click,2026-01-25T21:02:00+00:00
U174,P16,purchase,2026-01-25T23:04:00+00:00
U174,P12,click,2026-01-26T20:40:00+00:00
U174,P06,click,2026-01-27T17:23:00+00:00
U174,P28,click,2026-01-27T18:20:00+00:00
U174,P08,click,2026-01-27T23:31:00+00:00
U174,P02,purchase,2026-01-28T11:39:00+00:00
U174,P38,click,2026-01-28T22:24:00+00:00
U174,P13,purchase,2026-01-29T11:25:00+00:00
U174,P09,purchase,2026-01-30T10:26:00+00:00
U174,P10,click,2026-01-30T14:26:00+00:00
U174,P14,click,2026-01-31T07:43:00+00:00
U175,P17,click,2026-01-04T03:31:00+00:00
U175,P21,click,2026-01-04T05:12:00+00:00
U175,P22,purchase,2026-01-04T09:27:00+00:00
U175,P24,click,2026-01-04T22:54:00+00:00
U175,P19,click,2026-01-05T07:36:00+00:00
U175,P18,purchase,2026-01-06T01:43:00+00:00
U175,P23,click,2026-01-06T06:02:00+00:00
U175,P33,click,2026-01-07T01:05:00+00:00
U175,P25,click,2026-01-07T19:13:00+00:00
U175,P20,click,2026-01-07T19:28:00+00:00
U176,P21,click,2026-01-14T15:33:00+00:00
U176,P22,click,2026-01-14T16:25:00+00:00
U176,P23,click,2026-01-15T15:19:00+00:00
U176,P19,click,2026-01-15T18:17:00+00:00
U176,P17,click,2026-01-16T10:24:00+00:00
U176,P20,click,2026-01-16T23:21:00+00:00
U176,P34,click,2026-01-17T09:56:00+00:00
U176,P09,click,2026-01-18T00:03:00+00:00
U176,P18,click,2026-01-18T09:41:00+00:00
U176,P12,click,2026-01-18T19:41:00+00:00
U177,P19,click,2026-01-16T19:41:00+00:00
U177,P35,click,2026-01-16T23:35:00+00:00
U177,P38,purchase,2026-01-17T18:25:00+00:00
U177,P40,click,2026-01-17T22:51:00+00:00
U177,P32,click,2026-01-18T19:19:00+00:00
U177,P03,click,2026-01-19T13:16:00+00:00
U177,P36,click,2026-01-19T13:47:00+00:00
U177,P33,click,2026-01-19T22:12:00+00:00
U177,P05,click,2026-01-20T21:46:00+00:00
U177,P06,click,2026-01-21T10:43:00+00:00
U177,P08,click,2026-01-21T22:11:00+00:00
U177,P24,click,2026-01-22T14:23:00+00:00
U177,P13,click,2026-01-23T12:12:00+00:00
U177,P14,click,2026-01-24T05:15:00+00:00
U178,P02,click,2026-01-25T15:51:00+00:00
U178,P13,click,2026-01-25T22:33:00+00:00
U178,P20,purchase,2026-01-26T10:19:00+00:00
U178,P14,click,2026-01-26T20:35:00+00:00
U178,P38,click,2026-01-27T04:46:00+00:00
U178,P23,click,2026-01-27T21:07:00+00:00
U178,P18,click,2026-01-28T19:58:00+00:00
U178,P04,click,2026-01-29T14:49:00+00:00
U178,P34,click,2026-01-30T08:56:00+00:00
U178,P24,click,2026-01-30T13:40:00+00:00
U178,P21,click,2026-01-31T03:39:00+00:00
U178,P17,click,2026-01-31T05:18:00+00:00
U178,P22,purchase,2026-01-31T12:37:00+00:00
U178,P03,click,2026-01-31T20:40:00+00:00
U178,P19,purchase,2026-02-01T18:46:00+00:00
U179,P29,click,2026-01-08T08:55:00+00:00
U179,P17,click,2026-01-08T21:29:00+00:00
U179,P38,click,2026-01-09T17:20:00+00:00
U179,P22,click,2026-01-10T06:31:00+00:00
U179,P19,click,2026-01-11T04:20:00+00:00
U179,P39,click,2026-01-11T23:49:00+00:00
U179,P23,click,2026-01-12T08:22:00+00:00
U180,P15,click,2026-01-17T06:28:00+00:00
U180,P09,click,2026-01-18T05:12:00+00:00
U180,P02,click,2026-01-18T09:18:00+00:00
U180,P13,click,2026-01-18T14:14:00+00:00
U180,P14,click,2026-01-19T14:02:00+00:00
U180,P12,click,2026-01-20T09:26:00+00:00
U180,P16,purchase,2026-01-21T06:20:00+00:00
U181,P31,click,2026-01-21T16:29:00+00:00
U181,P30,click,2026-01-22T13:00:00+00:00
U181,P18,click,2026-01-22T22:41:00+00:00
U181,P28,purchase,2026-01-23T12:06:00+00:00
U181,P34,click,2026-01-23T17:43:00+00:00
U181,P02,click,2026-01-23T19:47:00+00:00
U181,P35,click,2026-01-24T11:11:00+00:00
U181,P27,click,2026-01-24T16:02:00+00:00
U181,P10,click,2026-01-25T05:52:00+00:00
U181,P29,purchase,2026-01-25T20:00:00+00:00
U181,P21,click,2026-01-26T19:00:00+00:00
U181,P26,purchase,2026-01-26T23:31:00+00:00
U181,P08,click,2026-01-27T19:57:00+00:00
U181,P25,click,2026-01-28T00:42:00+00:00
U182,P22,purchase,2026-01-24T06:27:00+00:00
U182,P15,click,2026-01-25T01:07:00+00:00
U182,P03,click,2026-01-25T22:55:00+00:00
U182,P08,click,2026-01-26T13:37:00+00:00
U182,P21,purchase,2026-01-27T03:26:00+00:00
U182,P11,click,2026-01-28T02:45:00+00:00
U182,P16,click,2026-01-28T06:53:00+00:00
U182,P31,click,2026-01-28T22:26:00+00:00
U182,P19,click,2026-01-29T14:50:00+00:00
U182,P20,click,2026-01-30T14:48:00+00:00
U182,P35,click,2026-01-30T16:58:00+00:00
U182,P24,click,2026-01-31T06:47:00+00:00
U182,P05,click,2026-01-31T23:48:00+00:00
U182,P17,click,2026-02-01T07:56:00+00:00
U182,P30,click,2026-02-01T21:50:00+00:00
U182,P23,click,2026-02-02T15:36:00+00:00
U182,P18,click,2026-02-02T20:41:00+00:00
U183,P08,click,2026-01-22T15:12:00+00:00
U183,P07,click,2026-01-22T16:37:00+00:00
U183,P01,click,2026-01-23T11:43:00+00:00
U183,P02,click,2026-01-24T07:57:00+00:00
U183,P03,purchase,2026-01-25T02:16:00+00:00
U183,P12,click,2026-01-26T01:37:00+00:00
U184,P37,click,2026-01-02T13:58:00+00:00
U184,P19,click,2026-01-03T00:59:00+00:00
U184,P32,purchase,2026-01-03T17:42:00+00:00
U184,P20,click,2026-01-04T16:59:00+00:00
U184,P22,click,2026-01-05T02:52:00+00:00
U184,P15,click,2026-01-05T11:52:00+00:00
U184,P17,click,2026-01-05T19:36:00+00:00
U184,P25,purchase,2026-01-05T19:56:00+00:00
U184,P18,click,2026-01-06T02:38:00+00:00
U184,P24,click,2026-01-06T13:10:00+00:00
U184,P31,click,2026-01-07T10:41:00+00:00
U184,P28,click,2026-01-08T08:02:00+00:00
U184,P05,click,2026-01-08T12:12:00+00:00
U184,P21,click,2026-01-09T11:20:00+00:00
U184,P03,click,2026-01-10T04:54:00+00:00
U184,P30,click,2026-01-11T00:40:00+00:00
U184,P27,click,2026-01-11T03:17:00+00:00
U184,P23,click,2026-01-11T07:13:00+00:00
U185,P25,purchase,2026-01-17T08:38:00+00:00
U185,P32,purchase,2026-01-18T00:18:00+00:00
U185,P13,click,2026-01-18T13:27:00+00:00
U185,P29,click,2026-01-19T10:32:00+00:00
U185,P30,click,2026-01-20T04:40:00+00:00
U185,P26,click,2026-01-20T08:54:00+00:00
U185,P24,click,2026-01-21T08:44:00+00:00
U185,P31,click,2026-01-22T05:00:00+00:00
U186,P39,click,2026-01-17T02:32:00+00:00
U186,P26,click,2026-01-17T14:07:00+00:00
U186,P35,click,2026-01-18T13:02:00+00:00
U186,P38,purchase,2026-01-18T22:39:00+00:00
U186,P40,click,2026-01-19T17:12:00+00:00
U186,P34,click,2026-01-20T14:51:00+00:00
U187,P09,click,2026-01-04T05:22:00+00:00
U187,P17,click,2026-01-04T05:43:00+00:00
U187,P23,click,2026-01-04T08:52:00+00:00
U187,P24,purchase,2026-01-05T02:41:00+00:00
U187,P21,click,2026-01-05T11:07:00+00:00
U187,P20,click,2026-01-06T01:22:00+00:00
U187,P05,click,2026-01-06T10:24:00+00:00
U187,P34,click,2026-01-07T03:11:00+00:00
U187,P07,click,2026-01-07T08:43:00+00:00
U187,P18,click,2026-01-07T15:45:00+00:00
U187,P19,purchase,2026-01-08T10:42:00+00:00
U187,P28,click,2026-01-09T02:35:00+00:00
U188,P02,click,2026-01-28T18:56:00+00:00
U188,P24,click,2026-01-29T13:00:00+00:00
U188,P23,purchase,2026-01-30T06:04:00+00:00
U188,P17,click,2026-01-30T09:59:00+00:00
U188,P19,click,2026-01-30T17:22:00+00:00
U188,P11,click,2026-01-31T10:11:00+00:00
U188,P15,purchase,2026-01-31T21:25:00+00:00
U188,P37,click,2026-02-01T02:13:00+00:00
U188,P12,click,2026-02-01T22:04:00+00:00
U188,P18,click,2026-02-02T17:12:00+00:00
U188,P21,click,2026-02-03T10:59:00+00:00
U188,P14,click,2026-02-03T19:21:00+00:00
U188,P38,click,2026-02-03T23:53:00+00:00
U188,P20,click,2026-02-04T05:03:00+00:00
U188,P22,click,2026-02-04T06:05:00+00:00
U188,P36,click,2026-02-05T05:12:00+00:00
U188,P16,click,2026-02-05T08:38:00+00:00
U188,P10,click,2026-02-05T13:18:00+00:00
U189,P03,click,2026-01-28T04:39:00+00:00
U189,P38,click,2026-01-29T04:38:00+00:00
U189,P13,click,2026-01-29T17:14:00+00:00
U189,P20,click,2026-01-30T05:15:00+00:00
U189,P21,click,2026-01-30T18:19:00+00:00
U189,P22,purchase,2026-01-30T20:39:00+00:00
U189,P17,click,2026-01-31T19:05:00+00:00
U189,P14,purchase,2026-01-31T19:12:00+00:00
U189,P06,purchase,2026-02-01T02:36:00+00:00
U189,P12,click,2026-02-02T01:26:00+00:00
U189,P07,click,2026-02-02T20:56:00+00:00
U189,P23,click,2026-02-03T17:22:00+00:00
U189,P24,click,2026-02-04T05:14:00+00:00
U189,P18,click,2026-02-04T09:41:00+00:00
U189,P11,click,2026-02-05T09:28:00+00:00
U189,P19,click,2026-02-06T05:27:00+00:00
U189,P04,click,2026-02-06T22:28:00+00:00
U189,P37,click,2026-02-06T23:07:00+00:00
U190,P03,purchase,2026-01-21T05:37:00+00:00
U190,P02,click,2026-01-22T01:51:00+00:00
U190,P08,click,2026-01-22T02:41:00+00:00
U190,P04,click,2026-01-22T16:50:00+00:00
U190,P01,click,2026-01-23T00:42:00+00:00
U190,P33,purchase,2026-01-23T05:13:00+00:00
U190,P06,click,2026-01-23T09:37:00+00:00
U191,P22,click,2026-01-07T14:08:00+00:00
U191,P21,click,2026-01-08T05:58:00+00:00
U191,P24,click,2026-01-08T20:52:00+00:00
U191,P19,purchase,2026-01-08T21:02:00+00:00
U191,P20,click,2026-01-09T00:53:00+00:00
U191,P17,click,2026-01-09T02:28:00+00:00
U191,P23,click,2026-01-09T21:29:00+00:00
U192,P06,click,2026-01-18T12:43:00+00:00
U192,P12,click,2026-01-18T17:52:00+00:00
U192,P08,purchase,2026-01-19T01:19:00+00:00
U192,P02,click,2026-01-19T17:57:00+00:00
U192,P04,click,2026-01-20T03:49:00+00:00
U192,P18,click,2026-01-20T05:34:00+00:00
U192,P22,click,2026-01-20T22:12:00+00:00
U192,P39,click,2026-01-21T14:39:00+00:00
U192,P03,click,2026-01-22T10:13:00+00:00
U192,P05,click,2026-01-22T19:23:00+00:00
U192,P26,click,2026-01-23T03:56:00+00:00
U192,P07,click,2026-01-23T11:58:00+00:00
U192,P31,purchase,2026-01-23T17:59:00+00:00
U192,P01,click,2026-01-24T05:04:00+00:00
U192,P23,click,2026-01-24T20:03:00+00:00
U192,P20,click,2026-01-25T02:22:00+00:00
U192,P29,click,2026-01-25T09:38:00+00:00
U192,P37,click,2026-01-26T09:13:00+00:00
U193,P37,purchase,2026-01-09T16:33:00+00:00
U193,P16,click,2026-01-10T14:28:00+00:00
U193,P33,purchase,2026-01-10T16:05:00+00:00
U193,P34,click,2026-01-11T12:48:00+00:00
U193,P17,click,2026-01-12T03:16:00+00:00
U193,P26,click,2026-01-13T01:11:00+00:00
U193,P06,click,2026-01-13T10:55:00+00:00
U193,P39,purchase,2026-01-14T07:48:00+00:00
U193,P35,purchase,2026-01-14T20:43:00+00:00
U193,P28,click,2026-01-15T09:53:00+00:00
U193,P08,click,2026-01-16T04:37:00+00:00
U193,P15,click,2026-01-16T13:11:00+00:00
U193,P25,click,2026-01-16T22:18:00+00:00
U193,P38,click,2026-01-17T19:15:00+00:00
U193,P40,click,2026-01-18T09:59:00+00:00
U194,P05,click,2026-01-28T19:51:00+00:00
U194,P03,purchase,2026-01-29T15:29:00+00:00
U194,P04,click,2026-01-30T10:13:00+00:00
U194,P19,click,2026-01-31T07:49:00+00:00
U194,P15,click,2026-01-31T09:19:00+00:00
U194,P02,click,2026-02-01T04:03:00+00:00
U194,P07,purchase,2026-02-01T22:36:00+00:00
U194,P14,click,2026-02-01T22:46:00+00:00
U194,P34,click,2026-02-02T12:31:00+00:00
U194,P06,purchase,2026-02-03T04:21:00+00:00
U194,P01,click,2026-02-03T23:14:00+00:00
U194,P08,purchase,2026-02-04T04:16:00+00:00
U194,P22,click,2026-02-04T07:39:00+00:00
U194,P32,click,2026-02-04T17:00:00+00:00
U195,P03,purchase,2026-01-19T18:06:00+00:00
U195,P06,click,2026-01-20T05:20:00+00:00
U195,P40,click,2026-01-20T20:17:00+00:00
U195,P05,click,2026-01-21T05:18:00+00:00
U195,P20,click,2026-01-21T10:54:00+00:00
U195,P21,click,2026-01-21T11:28:00+00:00
U195,P04,click,2026-01-21T22:09:00+00:00
U195,P01,click,2026-01-22T08:58:00+00:00
U195,P02,click,2026-01-22T23:30:00+00:00
U195,P07,click,2026-01-23T12:00:00+00:00
U195,P08,click,2026-01-24T04:48:00+00:00
U195,P16,click,2026-01-24T20:00:00+00:00
U196,P23,click,2026-01-30T06:28:00+00:00
U196,P13,click,2026-01-31T03:09:00+00:00
U196,P22,click,2026-01-31T23:59:00+00:00
U196,P21,click,2026-02-01T11:54:00+00:00
U196,P12,click,2026-02-01T19:47:00+00:00
U196,P02,click,2026-02-01T21:41:00+00:00
U197,P35,click,2026-01-13T01:00:00+00:00
U197,P06,click,2026-01-13T10:14:00+00:00
U197,P18,click,2026-01-13T11:55:00+00:00
U197,P07,click,2026-01-13T13:04:00+00:00
U197,P01,purchase,2026-01-14T12:13:00+00:00
U197,P03,purchase,2026-01-15T02:57:00+00:00
U197,P29,click,2026-01-15T11:43:00+00:00
U197,P22,click,2026-01-15T22:13:00+00:00
U197,P11,click,2026-01-16T20:34:00+00:00
U197,P08,click,2026-01-17T09:11:00+00:00
U197,P02,purchase,2026-01-17T19:00:00+00:00
U197,P05,click,2026-01-18T17:20:00+00:00
U197,P31,click,2026-01-19T09:21:00+00:00
U197,P27,click,2026-01-19T20:59:00+00:00
U197,P04,click,2026-01-20T02:02:00+00:00
U197,P28,click,2026-01-20T08:50:00+00:00
U198,P26,click,2026-01-12T07:13:00+00:00
U198,P08,click,2026-01-12T16:00:00+00:00
U198,P02,click,2026-01-13T03:18:00+00:00
U198,P07,click,2026-01-14T01:04:00+00:00
U198,P24,click,2026-01-14T07:47:00+00:00
U198,P05,click,2026-01-14T08:59:00+00:00
U198,P03,click,2026-01-14T22:15:00+00:00
U198,P29,click,2026-01-15T19:06:00+00:00
U199,P07,click,2026-01-23T17:28:00+00:00
U199,P17,click,2026-01-23T22:05:00+00:00
U199,P22,click,2026-01-24T14:31:00+00:00
U199,P11,click,2026-01-24T18:10:00+00:00
U199,P26,click,2026-01-25T03:36:00+00:00
U199,P10,click,2026-01-25T19:01:00+00:00
U199,P09,click,2026-01-26T18:20:00+00:00
U199,P01,purchase,2026-01-26T23:06:00+00:00
U199,P16,click,2026-01-27T07:50:00+00:00
U199,P12,click,2026-01-27T20:46:00+00:00
U199,P14,click,2026-01-28T04:47:00+00:00
U199,P13,click,2026-01-28T06:06:00+00:00
U199,P25,click,2026-01-28T09:14:00+00:00
U199,P05,click,2026-01-29T05:44:00+00:00
U200,P36,click,2026-01-02T14:17:00+00:00
U200,P12,click,2026-01-02T21:08:00+00:00
U200,P39,click,2026-01-02T21:47:00+00:00
U200,P33,click,2026-01-03T13:28:00+00:00
U200,P40,purchase,2026-01-04T03:20:00+00:00
U200,P18,click,2026-01-04T09:38:00+00:00
U200,P37,purchase,2026-01-04T09:50:00+00:00
U200,P11,click,2026-01-04T22:32:00+00:00
U200,P34,purchase,2026-01-05T08:08:00+00:00
U200,P35,click,2026-01-05T19:27:00+00:00
U200,P19,click,2026-01-06T15:36:00+00:00
U200,P08,purchase,2026-01-07T04:37:00+00:00
